PartNumber,Material,Mu,AL,Ae,Wa,Le,Mlt,PartCost,Vendor,MaxCurrent_A,MaxFreq_kHz,CoreShape,ShapeFamily,MaterialType,DatasheetUrl,WindowWidthMm,WindowHeightMm
E100/60/28-3C90,3C90,2249.28,7584.855918773515,735.0502256509033,2138.7025,273.919572699267,110.0,0.0,Ferroxcube,0.0,200.0,TwoPieceSet,E,ferrite,https://ferroxcube.com/upload/media/product/file/Pr_ds/E100_60_28.pdf,22.825,93.7
C055439A2X2,MPP 60,60.0,316.9118489299326,449.4919,419.82233603275705,106.94106558574245,98.27,0.0,Magnetics,0.0,5000.0,Toroid,T,powder,https://www.mag-inc.com/Media/Magnetics/Datasheets/C055439A2X2.pdf,,
E16/8/5-3C92,3C92,1637.0,1098.6305280756596,20.062091987236855,41.595,37.564974472287645,18.099999999999998,0.0,Ferroxcube,0.0,300.0,TwoPieceSet,E,ferrite,https://ferroxcube.com/upload/media/product/file/Pr_ds/E16_8_5.pdf,3.5249999999999995,11.8
E25/10/6-3C92,3C92,1637.0,1625.0310923514282,38.830145532683424,85.52700000000002,49.1547947229055,25.1,0.0,Ferroxcube,0.0,300.0,TwoPieceSet,E,ferrite,https://ferroxcube.com/upload/media/product/file/Pr_ds/E25_10_6.pdf,6.450000000000001,13.26
E30/15/7-3C92,3C92,1637.0,1883.9180761064308,60.05044138794895,129.00000000000003,65.57113999284573,28.1,0.0,Ferroxcube,0.0,300.0,TwoPieceSet,E,ferrite,https://ferroxcube.com/upload/media/product/file/Pr_ds/E30_15_7.pdf,6.450000000000001,20.0
E32/6/20-3C92,3C92,1637.0,6332.537496930192,128.62563059484205,60.80125,41.78383427382982,53.349999999999994,0.0,Ferroxcube,0.0,300.0,TwoPieceSet,PLANARE,ferrite,https://ferroxcube.com/upload/media/product/file/Pr_ds/E32_6_20_PLT32_20_3.2.pdf,9.575,6.35
ER41/7.6/32-3C92,3C92,1637.0,9617.757972965766,226.4951734470943,64.94399999999999,48.44440778127777,50.26548245743669,0.0,Ferroxcube,0.0,300.0,TwoPieceSet,ER,ferrite,https://ferroxcube.com/upload/media/product/file/Pr_ds/ER41_7.6_32.pdf,9.02,7.2
E56/24/19-3C92,3C92,1637.0,6646.766313634494,343.3071412496098,281.78000000000003,106.25049712454516,75.2,0.0,Ferroxcube,0.0,300.0,TwoPieceSet,E,ferrite,https://ferroxcube.com/upload/media/product/file/Pr_ds/E56_24_19.pdf,9.65,29.2
E64/10/50-3C92,3C92,1637.0,13386.520231918541,519.9240241128733,221.34,79.89704736705032,122.0,0.0,Ferroxcube,0.0,300.0,TwoPieceSet,PLANARE,ferrite,https://ferroxcube.com/upload/media/product/file/Pr_ds/E64_10_50_PLT64_50_5.pdf,21.699999999999996,10.200000000000001
U93/76/30-3C92,3C92,1637.0,5063.308550092181,863.8222342727745,3321.6,350.9526518497216,118.4,0.0,Ferroxcube,0.0,300.0,TwoPieceSet,U,ferrite,,34.6,96.0
E16/8/5-3C94,3C94,2250.0,1510.029742315354,20.062091987236855,41.595,37.564974472287645,18.099999999999998,0.0,Ferroxcube,0.0,300.0,TwoPieceSet,E,ferrite,https://ferroxcube.com/upload/media/product/file/Pr_ds/E16_8_5.pdf,3.5249999999999995,11.8
TX26/15/10-3C94,3C94,2250.0,2414.634146341464,54.99999999999999,172.03361371057704,64.40264939859074,31.0,0.0,Ferroxcube,0.0,300.0,Toroid,T,ferrite,https://ferroxcube.com/upload/media/product/file/Pr_ds/T_26_15_10.pdf,,
EC35/17/10-3C94,3C94,2250.0,3232.3020530355575,87.00294107630485,162.3125,76.10520812632616,29.845130209103033,0.0,Ferroxcube,0.0,300.0,TwoPieceSet,EC,ferrite,https://ferroxcube.com/upload/media/product/file/Pr_ds/EC35_17_10.pdf,6.625,24.5
ER35/21/11-3C94,3C94,2250.0,5400.00424471634,148.6521589306663,123.16999999999994,77.83402722403558,46.18141200776996,0.0,Ferroxcube,0.0,300.0,TwoPieceSet,ER,ferrite,https://ferroxcube.com/upload/media/product/file/Pr_ds/ER35_21_11.pdf,5.449999999999998,22.599999999999998
ER40/22/13-3C94,3C94,2250.0,5758.202346238086,185.94543169216882,180.87999999999997,91.3042457250411,48.38052686528282,0.0,Ferroxcube,0.0,300.0,TwoPieceSet,ER,ferrite,https://ferroxcube.com/upload/media/product/file/Pr_ds/ER40_22_13.pdf,6.799999999999999,26.599999999999998
ER54/18/18-3C94,3C94,2250.0,8493.975163976906,274.1182608795031,232.20000000000005,91.24716144938553,57.49114556069321,0.0,Ferroxcube,0.0,300.0,TwoPieceSet,ER,ferrite,https://ferroxcube.com/upload/media/product/file/Pr_ds/ER54_18_18.pdf,10.75,21.6
E55/28/25-3C94,3C94,2250.0,9597.024017761856,419.5548359283389,399.7349999999999,123.60741716411142,83.10000000000001,0.0,Ferroxcube,0.0,300.0,TwoPieceSet,E,ferrite,https://ferroxcube.com/upload/media/product/file/Pr_ds/E55_28_25.pdf,10.574999999999998,37.8
PM114/93-3C94,3C94,2250.0,22342.30854461866,1712.1620709924052,1516.845,216.6752014868377,132.88936924684825,0.0,Ferroxcube,0.0,300.0,TwoPieceSet,PM,ferrite,https://ferroxcube.com/upload/media/product/file/Pr_ds/PM114_93.pdf,23.775000000000002,63.8
EQ13-3C95,3C95,2931.0,4042.8497809019573,20.025909987260892,10.881,18.244431598349024,15.707963267948967,0.0,Ferroxcube,0.0,500.0,TwoPieceSet,EQ,ferrite,https://ferroxcube.com/upload/media/product/file/Pr_ds/EQ13.pdf,3.1,3.5100000000000002
P18/11-3C95,3C95,2931.0,6156.990519797447,44.93078417705927,28.490000000000002,26.878262804457773,23.404865269243956,0.0,Ferroxcube,0.0,500.0,TwoPieceSet,P,ferrite,https://ferroxcube.com/upload/media/product/file/Pr_ds/P18_11.pdf,3.85,7.4
E22/6/16/R-3C95,3C95,2931.0,8965.712072561839,79.00000000000001,37.760000000000005,32.453981633974486,41.60000000000001,0.0,Ferroxcube,0.0,500.0,TwoPieceSet,PLANARE,ferrite,,5.9,6.3999999999999995
E32/6/20-3C95,3C95,2931.0,11338.22077184019,128.62563059484205,60.80125,41.78383427382982,53.349999999999994,0.0,Ferroxcube,0.0,500.0,TwoPieceSet,PLANARE,ferrite,https://ferroxcube.com/upload/media/product/file/Pr_ds/E32_6_20_PLT32_20_3.2.pdf,9.575,6.35
PQ32/15-3C95,3C95,2931.0,15812.333979296378,163.19519290905217,42.00000000000001,38.01343065177673,42.411500823462205,0.0,Ferroxcube,0.0,500.0,TwoPieceSet,PQ,ferrite,https://ferroxcube.com/upload/media/product/file/Pr_ds/PQ32_15.pdf,7.0,6.0
ETD49/25/16-3C95,3C95,2931.0,6696.351520129886,211.19150107022475,374.67,116.16194519254289,51.207960253513626,0.0,Ferroxcube,0.0,500.0,TwoPieceSet,ETD,ferrite,https://ferroxcube.com/upload/media/product/file/Pr_ds/ETD49_25_16.pdf,10.350000000000001,36.199999999999996
E56/24/19-3C95,3C95,2931.0,11900.838158376726,343.3071412496098,281.78000000000003,106.25049712454516,75.2,0.0,Ferroxcube,0.0,500.0,TwoPieceSet,E,ferrite,https://ferroxcube.com/upload/media/product/file/Pr_ds/E56_24_19.pdf,9.65,29.2
E100/60/28-3C95,3C95,2931.0,9883.701761419286,735.0502256509033,2138.7025,273.919572699267,110.0,0.0,Ferroxcube,0.0,500.0,TwoPieceSet,E,ferrite,https://ferroxcube.com/upload/media/product/file/Pr_ds/E100_60_28.pdf,22.825,93.7
E16/8/5-3C90,3C90,2249.28,1509.5465327978131,20.062091987236855,41.595,37.564974472287645,18.099999999999998,0.0,Ferroxcube,0.0,200.0,TwoPieceSet,E,ferrite,https://ferroxcube.com/upload/media/product/file/Pr_ds/E16_8_5.pdf,3.5249999999999995,11.8
TX22/14/13-3C90,3C90,2249.28,2599.1680000000006,51.999999999999986,149.57122623741006,56.548667764616255,33.99999999999999,0.0,Ferroxcube,0.0,200.0,Toroid,T,ferrite,https://ferroxcube.com/upload/media/product/file/Pr_ds/T_22_14_13.pdf,,
ER28/14/11-3C90,3C90,2249.28,3809.8458427595283,86.57674858657982,113.28000000000003,64.23138019260145,31.101767270538954,0.0,Ferroxcube,0.0,200.0,TwoPieceSet,ER,ferrite,https://ferroxcube.com/upload/media/product/file/Pr_ds/ER28_14_11.pdf,5.9,19.200000000000003
E32/6/20-3C90,3C90,2249.28,8701.068992727638,128.62563059484205,60.80125,41.78383427382982,53.349999999999994,0.0,Ferroxcube,0.0,200.0,TwoPieceSet,PLANARE,ferrite,https://ferroxcube.com/upload/media/product/file/Pr_ds/E32_6_20_PLT32_20_3.2.pdf,9.575,6.35
TX51/32/19-3C90,3C90,2249.28,3913.2052048192772,180.49999999999997,794.2260387540357,130.3760951239764,56.99999999999999,0.0,Ferroxcube,0.0,200.0,Toroid,T,ferrite,https://ferroxcube.com/upload/media/product/file/Pr_ds/T_51_32_19.pdf,,
ER48/21/21-3C90,3C90,2249.28,6961.065768523084,252.66064849403406,298.7424999999999,102.59241547526705,56.54866776461627,0.0,Ferroxcube,0.0,200.0,TwoPieceSet,ER,ferrite,https://ferroxcube.com/upload/media/product/file/Pr_ds/ER48_21_21.pdf,9.924999999999997,30.1
E55/28/25-3C90,3C90,2249.28,9593.952970076174,419.5548359283389,399.7349999999999,123.60741716411142,83.10000000000001,0.0,Ferroxcube,0.0,200.0,TwoPieceSet,E,ferrite,https://ferroxcube.com/upload/media/product/file/Pr_ds/E55_28_25.pdf,10.574999999999998,37.8
PM114/93-3C90,3C90,2249.28,22335.159005884387,1712.1620709924052,1516.845,216.6752014868377,132.88936924684825,0.0,Ferroxcube,0.0,200.0,TwoPieceSet,PM,ferrite,https://ferroxcube.com/upload/media/product/file/Pr_ds/PM114_93.pdf,23.775000000000002,63.8
EQ13-3C96,3C96,2007.0,2768.3382839543597,20.025909987260892,10.881,18.244431598349024,15.707963267948967,0.0,Ferroxcube,0.0,500.0,TwoPieceSet,EQ,ferrite,https://ferroxcube.com/upload/media/product/file/Pr_ds/EQ13.pdf,3.1,3.5100000000000002
E20/10/6-3C96,3C96,2007.0,1742.656224785134,32.04181986036011,62.63999999999999,46.37273268466617,22.7,0.0,Ferroxcube,0.0,500.0,TwoPieceSet,E,ferrite,https://ferroxcube.com/upload/media/product/file/Pr_ds/E20_10_6.pdf,4.35,14.4
RM8/I-3C96,3C96,2007.0,4183.24108159066,63.43983645519197,49.448750000000004,38.24779450885561,26.38937829015426,0.0,Ferroxcube,0.0,500.0,TwoPieceSet,RM,ferrite,https://ferroxcube.com/upload/media/product/file/Pr_ds/RM8_I.pdf,4.475,11.05
E32/16/9-3C96,3C96,2007.0,2822.2448118753773,83.16165619067432,160.99999999999997,74.31657444154591,36.699999999999996,0.0,Ferroxcube,0.0,500.0,TwoPieceSet,E,ferrite,https://ferroxcube.com/upload/media/product/file/Pr_ds/E32_16_9.pdf,6.999999999999999,23.0
PQ26/20-3C96,3C96,2007.0,6978.342656043293,123.24555876787367,60.37499999999999,44.542667720483465,37.69911184307752,0.0,Ferroxcube,0.0,500.0,TwoPieceSet,PQ,ferrite,https://ferroxcube.com/upload/media/product/file/Pr_ds/PQ26_20.pdf,5.249999999999999,11.5
PQ32/25-3C96,3C96,2007.0,7099.642815630934,162.11518830942094,112.0,57.58965035245733,42.411500823462205,0.0,Ferroxcube,0.0,500.0,TwoPieceSet,PQ,ferrite,https://ferroxcube.com/upload/media/product/file/Pr_ds/PQ32_25.pdf,7.0,16.0
E43/10/28-3C96,3C96,2007.0,9200.316003441574,224.75244977918393,147.96000000000004,61.61109484460346,72.00000000000001,0.0,Ferroxcube,0.0,500.0,TwoPieceSet,PLANARE,ferrite,https://ferroxcube.com/upload/media/product/file/Pr_ds/E43_10_28_PLT43_28_4.1.pdf,13.700000000000003,10.8
ER64/13/51-3C96,3C96,2007.0,20413.751608778457,624.7681264287702,159.6,77.18861983939638,81.36724972797565,0.0,Ferroxcube,0.0,500.0,TwoPieceSet,ER,ferrite,https://ferroxcube.com/upload/media/product/file/Pr_ds/ER64_13_51.pdf,13.299999999999999,12.0
EQ13-3F36,3F36,1710.0,2358.6738742212033,20.025909987260892,10.881,18.244431598349024,15.707963267948967,0.0,Ferroxcube,0.0,500.0,TwoPieceSet,EQ,ferrite,https://ferroxcube.com/upload/media/product/file/Pr_ds/EQ13.pdf,3.1,3.5100000000000002
E25/10/6-3F36,3F36,1710.0,1697.4973536474906,38.830145532683424,85.52700000000002,49.1547947229055,25.1,0.0,Ferroxcube,0.0,500.0,TwoPieceSet,E,ferrite,https://ferroxcube.com/upload/media/product/file/Pr_ds/E25_10_6.pdf,6.450000000000001,13.26
PQ20/16-3F36,3F36,1710.0,3701.5278127547185,64.25614587014273,47.38000000000002,37.30264525387093,27.64601535159018,0.0,Ferroxcube,0.0,500.0,TwoPieceSet,PQ,ferrite,https://ferroxcube.com/upload/media/product/file/Pr_ds/PQ20_16.pdf,4.600000000000001,10.3
ETD34/17/11-3F36,3F36,1710.0,2610.086528283052,97.25845666348111,187.55,80.07158826173271,33.929200658769766,0.0,Ferroxcube,0.0,500.0,TwoPieceSet,ETD,ferrite,https://ferroxcube.com/upload/media/product/file/Pr_ds/ETD34_17_11.pdf,7.75,24.2
P30/19-3F36,3F36,1710.0,6461.259811968078,139.2051878786111,79.86,46.29607687704347,41.78318229274425,0.0,Ferroxcube,0.0,500.0,TwoPieceSet,P,ferrite,https://ferroxcube.com/upload/media/product/file/Pr_ds/P30_19.pdf,6.05,13.2
ETD44/22/15-3F36,3F36,1710.0,3534.7548391942537,173.00949666048237,305.24999999999994,105.17599259083983,46.495571273128945,0.0,Ferroxcube,0.0,500.0,TwoPieceSet,ETD,ferrite,https://ferroxcube.com/upload/media/product/file/Pr_ds/ETD44_22_15.pdf,9.249999999999998,33.0
E47/20/16-3F36,3F36,1710.0,5659.550667048119,234.64918620120136,203.07105000000004,89.0928956712929,62.440000000000005,0.0,Ferroxcube,0.0,500.0,TwoPieceSet,E,ferrite,https://ferroxcube.com/upload/media/product/file/Pr_ds/E47_20_16.pdf,8.265000000000002,24.57
ER64/13/51-3F36,3F36,1710.0,17392.882536627385,624.7681264287702,159.6,77.18861983939638,81.36724972797565,0.0,Ferroxcube,0.0,500.0,TwoPieceSet,ER,ferrite,https://ferroxcube.com/upload/media/product/file/Pr_ds/ER64_13_51.pdf,13.299999999999999,12.0
EQ13-3F46,3F46,776.0,1070.3689628044758,20.025909987260892,10.881,18.244431598349024,15.707963267948967,0.0,Ferroxcube,0.0,3000.0,TwoPieceSet,EQ,ferrite,https://ferroxcube.com/upload/media/product/file/Pr_ds/EQ13.pdf,3.1,3.5100000000000002
RM6S/I-3F46,3F46,776.0,1065.2117195021485,30.842863799780627,26.23999999999999,28.235166002301945,19.634954084936208,0.0,Ferroxcube,0.0,3000.0,TwoPieceSet,RM,ferrite,https://ferroxcube.com/upload/media/product/file/Pr_ds/RM6S_I.pdf,3.1999999999999997,8.2
P18/11/I-3F46,3F46,776.0,1727.436519431255,49.63076579107601,28.490000000000002,28.01692482917509,23.404865269243956,0.0,Ferroxcube,0.0,3000.0,TwoPieceSet,P,ferrite,,3.85,7.4
P22/13-3F46,3F46,776.0,1965.6804158509735,65.28118661836626,42.06499999999999,32.38520977139826,29.059732045705587,0.0,Ferroxcube,0.0,3000.0,TwoPieceSet,P,ferrite,https://ferroxcube.com/upload/media/product/file/Pr_ds/P22_13.pdf,4.475,9.399999999999999
EP20-3F46,3F46,776.0,1946.9085507113614,80.00637795549356,55.4125,40.072887969508876,27.488935718910692,0.0,Ferroxcube,0.0,3000.0,TwoPieceSet,EP,ferrite,https://ferroxcube.com/upload/media/product/file/Pr_ds/EP20.pdf,3.875,14.3
P26/16/I-3F46,3F46,776.0,2664.9620256815574,111.77492940089931,57.68000000000001,40.90015600878121,35.49999698556466,0.0,Ferroxcube,0.0,3000.0,TwoPieceSet,P,ferrite,,5.15,11.2
PQ32/35-3F46,3F46,776.0,2042.761916644784,161.6808832760745,182.00000000000003,77.18137399882518,42.411500823462205,0.0,Ferroxcube,0.0,3000.0,TwoPieceSet,PQ,ferrite,https://ferroxcube.com/upload/media/product/file/Pr_ds/PQ32_35.pdf,7.0,26.000000000000004
P36/22-3F46,3F46,776.0,3702.644427403026,206.07517203298912,107.30000000000003,54.27317747301294,49.951323192077716,0.0,Ferroxcube,0.0,3000.0,TwoPieceSet,P,ferrite,https://ferroxcube.com/upload/media/product/file/Pr_ds/P36_22.pdf,7.250000000000001,14.8
ER18/3.2/10-3C97-A100-S,3C97,3313.0,5652.167369485223,30.436168078467002,15.039999999999997,22.418484985746915,19.477874452256717,0.0,Ferroxcube,0.0,1000.0,TwoPieceSet,PLANARER,ferrite,https://ferroxcube.com/upload/media/product/file/Pr_ds/ER18_3.2_10.pdf,4.699999999999999,3.1999999999999997
ETD29/16/10-3C97,3C97,3313.0,4444.207648769401,76.50815812422186,145.2,71.67120465733228,29.845130209103033,0.0,Ferroxcube,0.0,1000.0,TwoPieceSet,ETD,ferrite,https://ferroxcube.com/upload/media/product/file/Pr_ds/ETD29_16_10.pdf,6.599999999999999,22.0
PQ26/20-3C97,3C97,3313.0,11519.30703511282,123.24555876787367,60.37499999999999,44.542667720483465,37.69911184307752,0.0,Ferroxcube,0.0,1000.0,TwoPieceSet,PQ,ferrite,https://ferroxcube.com/upload/media/product/file/Pr_ds/PQ26_20.pdf,5.249999999999999,11.5
PQ32/20-3C97,3C97,3313.0,13385.35710949201,157.4018777204648,80.7875,48.95659975629248,42.254421190782715,0.0,Ferroxcube,0.0,1000.0,TwoPieceSet,PQ,ferrite,https://ferroxcube.com/upload/media/product/file/Pr_ds/PQ32_20.pdf,7.025,11.5
ETD44/22/15-3C97,3C97,3313.0,6848.32911242723,173.00949666048237,305.24999999999994,105.17599259083983,46.495571273128945,0.0,Ferroxcube,0.0,1000.0,TwoPieceSet,ETD,ferrite,https://ferroxcube.com/upload/media/product/file/Pr_ds/ETD44_22_15.pdf,9.249999999999998,33.0
ETD49/25/16-3C97,3C97,3313.0,7569.093342268958,211.19150107022475,374.67,116.16194519254289,51.207960253513626,0.0,Ferroxcube,0.0,1000.0,TwoPieceSet,ETD,ferrite,https://ferroxcube.com/upload/media/product/file/Pr_ds/ETD49_25_16.pdf,10.350000000000001,36.199999999999996
PQ50/50-3C97,3C97,3313.0,12161.233299456104,331.51323344024377,433.19999999999993,113.48920382974936,62.83185307179587,0.0,Ferroxcube,0.0,1000.0,TwoPieceSet,PQ,ferrite,https://ferroxcube.com/upload/media/product/file/Pr_ds/PQ50_50.pdf,11.999999999999998,36.1
ER64/13/51-3C97,3C97,3313.0,33697.438505173406,624.7681264287702,159.6,77.18861983939638,81.36724972797565,0.0,Ferroxcube,0.0,1000.0,TwoPieceSet,ER,ferrite,https://ferroxcube.com/upload/media/product/file/Pr_ds/ER64_13_51.pdf,13.299999999999999,12.0
E18/4/10-4F1,4F1,80.0,165.59765721534123,40.0,20.0,24.283185307179586,28.0,0.0,Ferroxcube,0.0,10000.0,TwoPieceSet,PLANARE,ferrite,https://ferroxcube.com/upload/media/product/file/Pr_ds/E18_4_10%20+%20PLT18_10_2.pdf,5.0,4.0
E22/6/16-4F1,4F1,80.0,244.71407908732422,79.00000000000001,37.760000000000005,32.453981633974486,41.60000000000001,0.0,Ferroxcube,0.0,10000.0,TwoPieceSet,PLANARE,ferrite,https://ferroxcube.com/upload/media/product/file/Pr_ds/E22_6_16_PLT22_16_2.5.pdf,5.9,6.3999999999999995
E58/11/38-4F1,4F1,80.0,373.12768636885403,301.675607535124,279.50000000000006,81.27978980044458,92.4,0.0,Ferroxcube,0.0,10000.0,TwoPieceSet,PLANARE,ferrite,,21.500000000000004,13.0
RM10/I-3F4,3F4,1037.0,2859.7930989806173,98.468166083678,69.5325,44.86935804985122,33.615041393410785,0.0,Ferroxcube,0.0,3000.0,TwoPieceSet,RM,ferrite,https://ferroxcube.com/upload/media/product/file/Pr_ds/RM10_I.pdf,5.4750000000000005,12.7
E32/6/20-3F4,3F4,1037.0,4011.5097033088628,128.62563059484205,60.80125,41.78383427382982,53.349999999999994,0.0,Ferroxcube,0.0,3000.0,TwoPieceSet,PLANARE,ferrite,https://ferroxcube.com/upload/media/product/file/Pr_ds/E32_6_20_PLT32_20_3.2.pdf,9.575,6.35
RM12/I-3F4,3F4,1037.0,3390.4622927496243,146.5269264907655,110.7225,56.317989404867504,39.426987802551906,0.0,Ferroxcube,0.0,3000.0,TwoPieceSet,RM,ferrite,https://ferroxcube.com/upload/media/product/file/Pr_ds/RM12_I.pdf,6.4750000000000005,17.099999999999998
PQ40/40-3F4,3F4,1037.0,2648.7993010003556,189.02048241561778,325.975,92.99260944125601,46.80973053848791,0.0,Ferroxcube,0.0,3000.0,TwoPieceSet,PQ,ferrite,https://ferroxcube.com/upload/media/product/file/Pr_ds/PQ40_40.pdf,11.050000000000002,29.5
PQ40/30-3F4,3F4,1037.0,3432.9534802541075,195.10490157384353,220.99999999999997,74.0608824164849,46.80973053848791,0.0,Ferroxcube,0.0,3000.0,TwoPieceSet,PQ,ferrite,https://ferroxcube.com/upload/media/product/file/Pr_ds/PQ40_30.pdf,11.049999999999999,20.0
E58/11/38-3F4,3F4,1037.0,4836.66763455627,301.675607535124,279.50000000000006,81.27978980044458,92.4,0.0,Ferroxcube,0.0,3000.0,TwoPieceSet,PLANARE,ferrite,https://ferroxcube.com/upload/media/product/file/Pr_ds/E58_11_38_PLT58_38_4.pdf,21.500000000000004,13.0
PQ50/30-3F4,3F4,1037.0,6059.336478216521,342.59526310278693,193.2,73.67920048107122,62.83185307179587,0.0,Ferroxcube,0.0,3000.0,TwoPieceSet,PQ,ferrite,https://ferroxcube.com/upload/media/product/file/Pr_ds/PQ50_30.pdf,11.999999999999998,16.1
ER64/13/51-3F4,3F4,1037.0,10547.613561685728,624.7681264287702,159.6,77.18861983939638,81.36724972797565,0.0,Ferroxcube,0.0,3000.0,TwoPieceSet,ER,ferrite,https://ferroxcube.com/upload/media/product/file/Pr_ds/ER64_13_51.pdf,13.299999999999999,12.0
P14/8-3C91,3C91,2967.0,4712.832867886288,25.96877770457623,17.109999999999996,20.544561707337795,18.53539665617978,0.0,Ferroxcube,0.0,200.0,TwoPieceSet,P,ferrite,https://ferroxcube.com/upload/media/product/file/Pr_ds/P14_8.pdf,2.9499999999999997,5.8
P18/11-3C91,3C91,2967.0,6232.6137401020205,44.93078417705927,28.490000000000002,26.878262804457773,23.404865269243956,0.0,Ferroxcube,0.0,200.0,TwoPieceSet,P,ferrite,https://ferroxcube.com/upload/media/product/file/Pr_ds/P18_11.pdf,3.85,7.4
P22/13/I-3C91,3C91,2967.0,8222.933217398297,76.15062204377726,42.06499999999999,34.52821302683246,29.059732045705587,0.0,Ferroxcube,0.0,200.0,TwoPieceSet,P,ferrite,,4.475,9.399999999999999
RM10/I-3C91,3C91,2967.0,8182.2624153090555,98.468166083678,69.5325,44.86935804985122,33.615041393410785,0.0,Ferroxcube,0.0,200.0,TwoPieceSet,RM,ferrite,https://ferroxcube.com/upload/media/product/file/Pr_ds/RM10_I.pdf,5.4750000000000005,12.7
E42/21/15-3C91,3C91,2967.0,6820.738828385109,178.09585587378666,274.9725,97.3531041865669,53.8,0.0,Ferroxcube,0.0,200.0,TwoPieceSet,E,ferrite,https://ferroxcube.com/upload/media/product/file/Pr_ds/E42_21_15.pdf,9.075,30.3
E42/21/20-3C91,3C91,2967.0,8942.239534203887,233.49021907198787,274.9725,97.35310418656692,63.1,0.0,Ferroxcube,0.0,200.0,TwoPieceSet,E,ferrite,https://ferroxcube.com/upload/media/product/file/Pr_ds/E42_21_20_I42_20_6.pdf,9.075,30.3
EC70/34/17-3C91,3C91,2967.0,7495.275019961021,283.29612339437375,639.275,140.92254223866507,51.52211951887261,0.0,Ferroxcube,0.0,200.0,TwoPieceSet,EC,ferrite,https://ferroxcube.com/upload/media/product/file/Pr_ds/EC70_34_17.pdf,14.05,45.5
P66/56-3C91,3C91,2967.0,21103.352586830293,724.8770712921635,569.5648000000001,128.06790879463168,88.56149690469627,0.0,Ferroxcube,0.0,200.0,TwoPieceSet,P,ferrite,https://ferroxcube.com/upload/media/product/file/Pr_ds/P66_56.pdf,13.160000000000002,43.28
B66307G0000X127 (N27),N27,1697.0,1138.8979878707357,20.062091987236855,41.595,37.564974472287645,18.099999999999998,0.0,TDK,0.0,500.0,TwoPieceSet,E,ferrite,https://product.tdk.com/system/files/dam/doc/product/ferrite/ferrite/ferrite-acc/data_sheet/80/db/fer/e_16_8_5.pdf,3.5249999999999995,11.8
B66315G0000X127 (N27),N27,1697.0,1684.592403005726,38.830145532683424,85.52700000000002,49.1547947229055,25.1,0.0,TDK,0.0,500.0,TwoPieceSet,E,ferrite,https://product.tdk.com/system/files/dam/doc/product/ferrite/ferrite/ferrite-core/data_sheet/80/db/fer/e_25_4_10_7.pdf,6.450000000000001,13.26
B66337G0000X127,N27,1697.0,2437.874037333929,87.00294107630485,162.3125,76.10520812632616,29.845130209103033,0.0,TDK,0.0,500.0,TwoPieceSet,EC,ferrite,,6.625,24.5
B67355A0001X027 (N27),N27,1697.0,3022.5393720007455,138.2319394928966,233.99999999999997,97.5277356535306,48.8,0.0,TDK,0.0,500.0,TwoPieceSet,U,ferrite,https://product.tdk.com/system/files/dam/doc/product/ferrite/ferrite/ferrite-core/data_sheet/80/db/fer/u_26_22_16.pdf,9.0,26.0
B66367G0000X127 (N27),N27,1697.0,3877.075581596867,211.19150107022475,374.67,116.16194519254289,51.207960253513626,0.0,TDK,0.0,500.0,TwoPieceSet,ETD,ferrite,https://product.tdk.com/system/files/dam/doc/product/ferrite/ferrite/ferrite-acc/data_sheet/80/db/fer/etd_49_25_16.pdf,10.350000000000001,36.199999999999996
B66343G0000X127,N27,1697.0,4286.984060961865,283.29612339437375,639.275,140.92254223866507,51.52211951887261,0.0,TDK,0.0,500.0,TwoPieceSet,EC,ferrite,,14.05,45.5
B67345B0003X027,N27,1697.0,3499.26068397737,575.8814895151829,3321.6,350.9526518497215,98.4,0.0,TDK,0.0,500.0,TwoPieceSet,U,ferrite,,34.6,96.0
B65733A0000R027,N27,1697.0,16851.06560009683,1712.1620709924052,1516.845,216.6752014868377,132.88936924684825,0.0,TDK,0.0,500.0,TwoPieceSet,PM,ferrite,,23.775000000000002,63.8
B65807J0000R041 (N41),N41,2403.0,2656.340615935632,22.995769642972395,27.805000000000007,26.141338549595297,17.907078125461823,0.0,TDK,0.0,300.0,TwoPieceSet,RM,ferrite,https://product.tdk.com/system/files/dam/doc/product/ferrite/ferrite/ferrite-acc/data_sheet/80/db/fer/rm_6.pdf,3.3500000000000005,8.3
B65811J0000R041 (N41),N41,2403.0,4434.152119780468,52.022734951542226,49.448750000000004,35.42796663543134,26.38937829015426,0.0,TDK,0.0,300.0,TwoPieceSet,RM,ferrite,https://product.tdk.com/system/files/dam/doc/product/ferrite/ferrite/ferrite-acc/data_sheet/80/db/fer/rm_8.pdf,4.475,11.05
B65813J0000R041 (N41),N41,2403.0,5983.00086680075,83.91278486203528,69.5325,42.35188098976319,33.615041393410785,0.0,TDK,0.0,300.0,TwoPieceSet,RM,ferrite,https://product.tdk.com/system/files/dam/doc/product/ferrite/ferrite/ferrite-acc/data_sheet/80/db/fer/rm_10.pdf,5.4750000000000005,12.7
B65815E0000R041 (N41),N41,2403.0,7839.362813689652,146.01559291081756,110.7225,56.24476500629382,39.426987802551906,0.0,TDK,0.0,300.0,TwoPieceSet,RM,ferrite,https://product.tdk.com/system/files/dam/doc/product/ferrite/ferrite/ferrite-acc/data_sheet/80/db/fer/rm_12.pdf,6.4750000000000005,17.099999999999998
B65819J0160J041 (N41),N41,2403.0,3869.1373487342303,39.47639197514519,34.491875,30.80966247662272,22.305307840487533,0.0,TDK,0.0,300.0,TwoPieceSet,RM,ferrite,https://product.tdk.com/system/files/dam/doc/product/ferrite/ferrite/ferrite-acc/data_sheet/80/db/fer/rm_7.pdf,3.9875,8.65
B65887E0000R041 (N41),N41,2403.0,7889.020708391967,175.1278894294511,157.19500000000002,67.0341107435471,46.18141200776996,0.0,TDK,0.0,300.0,TwoPieceSet,RM,ferrite,https://product.tdk.com/system/files/dam/doc/product/ferrite/ferrite/ferrite-acc/data_sheet/80/db/fer/rm_14.pdf,7.450000000000001,21.1
B66479G0000X149 (N49),N49,1469.0,2026.2525855151741,20.025909987260892,10.881,18.244431598349024,15.707963267948967,0.0,TDK,0.0,1000.0,TwoPieceSet,EQ,ferrite,https://product.tdk.com/system/files/dam/doc/product/ferrite/ferrite/ferrite-core/data_sheet/80/db/fer/eq_13_2_85_8_7.pdf,3.1,3.5100000000000002
B66417G0000X149 (N49),N49,1469.0,1201.3586184119251,30.716276272744334,50.050000000000004,47.19843044006693,25.0,0.0,TDK,0.0,1000.0,TwoPieceSet,EFD,ferrite,https://product.tdk.com/system/files/dam/doc/product/ferrite/ferrite/ferrite-acc/data_sheet/80/db/fer/efd_20_10_7.pdf,3.2500000000000004,15.4
B65885A0000R049 (N49),N49,1469.0,2724.6790794149933,40.62482125980647,26.27,27.523760227108177,21.991148575128552,0.0,TDK,0.0,1000.0,TwoPieceSet,PQ,ferrite,https://product.tdk.com/system/files/dam/doc/product/ferrite/ferrite/ferrite-core/data_sheet/80/db/fer/pq_16_11_6.pdf,3.6999999999999997,7.1000000000000005
B65875B0000R049 (N49),N49,1469.0,3179.8505011325624,64.25614587014273,47.38000000000002,37.30264525387093,27.64601535159018,0.0,TDK,0.0,1000.0,TwoPieceSet,PQ,ferrite,https://product.tdk.com/system/files/dam/doc/product/ferrite/ferrite/ferrite-core/data_sheet/80/db/fer/pq_20_16.pdf,4.600000000000001,10.3
B66481G0000X149 (N49),N49,1469.0,4881.470863206714,92.10734320883022,35.2,34.83174352369695,34.55751918948772,0.0,TDK,0.0,1000.0,TwoPieceSet,EQ,ferrite,https://product.tdk.com/system/files/dam/doc/product/ferrite/ferrite/ferrite-core/data_sheet/80/db/fer/eq_25_5_6_18.pdf,5.5,6.4
B66287G0000X149 (N49),N49,1469.0,5682.64971471622,128.62563059484205,60.80125,41.78383427382982,53.349999999999994,0.0,TDK,0.0,1000.0,TwoPieceSet,PLANARE,ferrite,https://product.tdk.com/system/files/dam/doc/product/ferrite/ferrite/ferrite-core/data_sheet/80/db/fer/elp_32_6_20.pdf,9.575,6.35
B65887E0000R049 (N49),N49,1469.0,4822.709704797253,175.1278894294511,157.19500000000002,67.0341107435471,46.18141200776996,0.0,TDK,0.0,1000.0,TwoPieceSet,RM,ferrite,https://product.tdk.com/system/files/dam/doc/product/ferrite/ferrite/ferrite-acc/data_sheet/80/db/fer/rm_14.pdf,7.450000000000001,21.1
B66295G0000X149 (N49),N49,1469.0,12012.705082888417,519.9240241128733,221.34,79.89704736705032,122.0,0.0,TDK,0.0,1000.0,TwoPieceSet,PLANARE,ferrite,https://product.tdk.com/system/files/dam/doc/product/ferrite/ferrite/ferrite-core/data_sheet/80/db/fer/elp_64_10_50.pdf,21.699999999999996,10.200000000000001
B66479G0000X187 (N87),N87,2208.0,3045.5859147838696,20.025909987260892,10.881,18.244431598349024,15.707963267948967,0.0,TDK,0.0,500.0,TwoPieceSet,EQ,ferrite,https://product.tdk.com/system/files/dam/doc/product/ferrite/ferrite/ferrite-core/data_sheet/80/db/fer/eq_13_2_85_8_7.pdf,3.1,3.5100000000000002
B66392G0000X187 (N87),N87,2208.0,2664.9326556741785,36.04169564835129,41.595,37.52562285216052,25.4,0.0,TDK,0.0,500.0,TwoPieceSet,E,ferrite,https://product.tdk.com/system/files/dam/doc/product/ferrite/ferrite/ferrite-core/data_sheet/80/db/fer/e_16_8_8.pdf,3.5249999999999995,11.8
B65811JR87,N87,2208.0,4602.1904873702915,63.43983645519197,49.448750000000004,38.24779450885561,26.38937829015426,0.0,TDK,0.0,500.0,TwoPieceSet,RM,ferrite,,4.475,11.05
B66481G0000X187 (N87),N87,2208.0,7337.159745378097,92.10734320883022,35.2,34.83174352369695,34.55751918948772,0.0,TDK,0.0,500.0,TwoPieceSet,EQ,ferrite,https://product.tdk.com/system/files/dam/doc/product/ferrite/ferrite/ferrite-core/data_sheet/80/db/fer/eq_25_5_6_18.pdf,5.5,6.4
B65701W0000R087 (N87),N87,2208.0,8342.96003790966,139.2051878786111,79.86,46.29607687704347,41.78318229274425,0.0,TDK,0.0,500.0,TwoPieceSet,P,ferrite,https://product.tdk.com/system/files/dam/doc/product/ferrite/ferrite/ferrite-acc/data_sheet/80/db/fer/p_30_19.pdf,6.05,13.2
B66367G0000X187 (N87),N87,2208.0,5044.539118542063,211.19150107022475,374.67,116.16194519254289,51.207960253513626,0.0,TDK,0.0,500.0,TwoPieceSet,ETD,ferrite,https://product.tdk.com/system/files/dam/doc/product/ferrite/ferrite/ferrite-acc/data_sheet/80/db/fer/etd_49_25_16.pdf,10.350000000000001,36.199999999999996
B66397G0000X187 (N87),N87,2208.0,7137.404176332352,367.9843503766927,517.4725,143.05333660847296,68.01548095021901,0.0,TDK,0.0,500.0,TwoPieceSet,ETD,ferrite,https://product.tdk.com/system/files/dam/doc/product/ferrite/ferrite/ferrite-acc/data_sheet/80/db/fer/etd_59_31_22.pdf,11.525,44.9
B65733A0000R087,N87,2208.0,21925.25211845245,1712.1620709924052,1516.845,216.6752014868377,132.88936924684825,0.0,TDK,0.0,500.0,TwoPieceSet,PM,ferrite,,23.775000000000002,63.8
B65919A0000R088 (N88),N88,1898.1,17669.723664733086,1498.825967041312,1475.6000000000001,202.32539835437493,128.80529879718154,0.0,TDK,0.0,500.0,TwoPieceSet,PQ,ferrite,https://product.tdk.com/system/files/dam/doc/product/ferrite/ferrite/ferrite-core/data_sheet/80/db/fer/pq_107_87.pdf,26.35,56.0
B66479G0000X192 (N92),N92,1476.0,2035.9079756435651,20.025909987260892,10.881,18.244431598349024,15.707963267948967,0.0,TDK,0.0,500.0,TwoPieceSet,EQ,ferrite,https://product.tdk.com/system/files/dam/doc/product/ferrite/ferrite/ferrite-core/data_sheet/80/db/fer/eq_13_2_85_8_7.pdf,3.1,3.5100000000000002
B66283G0000X192 (N92),N92,1476.0,3055.2767756230455,40.0,20.0,24.283185307179586,28.0,0.0,TDK,0.0,500.0,TwoPieceSet,PLANARE,ferrite,https://product.tdk.com/system/files/dam/doc/product/ferrite/ferrite/ferrite-core/data_sheet/80/db/fer/elp_18_4_10.pdf,5.0,4.0
B65811P0000R092 (N92),N92,1476.0,3871.499178160203,54.894326376647385,27.297499999999996,26.299319440865286,26.38937829015426,0.0,TDK,0.0,500.0,TwoPieceSet,RM,ferrite,https://product.tdk.com/system/files/dam/doc/product/ferrite/ferrite/ferrite-acc/data_sheet/80/db/fer/rm_8.pdf,4.475,6.1
B66285G0000X192 (N92),N92,1476.0,4514.974759161131,79.00000000000001,37.760000000000005,32.453981633974486,41.60000000000001,0.0,TDK,0.0,500.0,TwoPieceSet,PLANARE,ferrite,https://product.tdk.com/system/files/dam/doc/product/ferrite/ferrite/ferrite-core/data_sheet/80/db/fer/elp_22_6_16.pdf,5.9,6.3999999999999995
B66501G0000X192 (N92),N92,1476.0,4631.236212078871,100.38750787439632,49.95000000000001,40.20489776682111,35.18583772020568,0.0,TDK,0.0,500.0,TwoPieceSet,PLANARER,ferrite,https://product.tdk.com/system/files/dam/doc/product/ferrite/ferrite/ferrite-core/data_sheet/80/db/fer/er_32_5_21.pdf,9.250000000000002,5.4
B65815P0000R092 (N92),N92,1476.0,6270.651413995451,132.78416890618848,59.893750000000004,39.27623611669254,39.426987802551906,0.0,TDK,0.0,500.0,TwoPieceSet,RM,ferrite,https://product.tdk.com/system/files/dam/doc/product/ferrite/ferrite/ferrite-acc/data_sheet/80/db/fer/rm_12.pdf,6.4750000000000005,9.25
B66289G0000X192 (N92),N92,1476.0,6717.15414790582,191.24264082866895,103.24000000000001,52.807503790016604,66.0,0.0,TDK,0.0,500.0,TwoPieceSet,PLANARE,ferrite,https://product.tdk.com/system/files/dam/doc/product/ferrite/ferrite/ferrite-core/data_sheet/80/db/fer/elp_38_8_25.pdf,11.600000000000001,8.9
B65981B0000R092 (N92),N92,1476.0,6717.008573971299,338.32467692733684,313.2,93.42303987845304,62.83185307179587,0.0,TDK,0.0,500.0,TwoPieceSet,PQ,ferrite,https://product.tdk.com/system/files/dam/doc/product/ferrite/ferrite/ferrite-core/data_sheet/80/db/fer/pq_50_40.pdf,11.999999999999998,26.1
B66479G0000X195 (N95),N95,2931.9,4044.0911882041796,20.025909987260892,10.881,18.244431598349024,15.707963267948967,0.0,TDK,0.0,300.0,TwoPieceSet,EQ,ferrite,https://product.tdk.com/system/files/dam/doc/product/ferrite/ferrite/ferrite-core/data_sheet/80/db/fer/eq_13_2_85_8_7.pdf,3.1,3.5100000000000002
B65811J0000R095 (N95),N95,2931.9,5410.108447767106,52.022734951542226,49.448750000000004,35.42796663543134,26.38937829015426,0.0,TDK,0.0,300.0,TwoPieceSet,RM,ferrite,https://product.tdk.com/system/files/dam/doc/product/ferrite/ferrite/ferrite-acc/data_sheet/80/db/fer/rm_8.pdf,4.475,11.05
B64290L0647X095 (N95),N95,2931.9,3783.057773195876,78.225,277.5911268711941,76.1836218495525,40.300000000000004,0.0,TDK,0.0,300.0,Toroid,T,ferrite,https://product.tdk.com/system/files/dam/doc/product/ferrite/ferrite/ferrite-core/data_sheet/80/db/fer/r_29_5_19_0_14_9.pdf,,
B65877A0000R095 (N95),N95,2931.9,8414.944017165557,122.64669643495002,84.525,53.69868383230295,37.69911184307752,0.0,TDK,0.0,300.0,TwoPieceSet,PQ,ferrite,https://product.tdk.com/system/files/dam/doc/product/ferrite/ferrite/ferrite-core/data_sheet/80/db/fer/pq_26_25.pdf,5.249999999999999,16.1
B65879A0000R095 (N95),N95,2931.9,11845.616815369642,157.4018777204648,80.7875,48.95659975629248,42.254421190782715,0.0,TDK,0.0,300.0,TwoPieceSet,PQ,ferrite,https://product.tdk.com/system/files/dam/doc/product/ferrite/ferrite/ferrite-core/data_sheet/80/db/fer/pq_32_20.pdf,7.025,11.5
B66289G0000X195 (N95),N95,2931.9,13342.83485517959,191.24264082866895,103.24000000000001,52.807503790016604,66.0,0.0,TDK,0.0,300.0,TwoPieceSet,PLANARE,ferrite,https://product.tdk.com/system/files/dam/doc/product/ferrite/ferrite/ferrite-core/data_sheet/80/db/fer/elp_38_8_25.pdf,11.600000000000001,8.9
B65981B0000R095 (N95),N95,2931.9,13342.545689719818,338.32467692733684,313.2,93.42303987845304,62.83185307179587,0.0,TDK,0.0,300.0,TwoPieceSet,PQ,ferrite,https://product.tdk.com/system/files/dam/doc/product/ferrite/ferrite/ferrite-core/data_sheet/80/db/fer/pq_50_40.pdf,11.999999999999998,26.1
B65919A0000R095 (N95),N95,2931.9,27293.53712271795,1498.825967041312,1475.6000000000001,202.32539835437493,128.80529879718154,0.0,TDK,0.0,300.0,TwoPieceSet,PQ,ferrite,https://product.tdk.com/system/files/dam/doc/product/ferrite/ferrite/ferrite-core/data_sheet/80/db/fer/pq_107_87.pdf,26.35,56.0
B66479G0000X197 (N97),N97,2172.0,2995.929622695002,20.025909987260892,10.881,18.244431598349024,15.707963267948967,0.0,TDK,0.0,500.0,TwoPieceSet,EQ,ferrite,https://product.tdk.com/system/files/dam/doc/product/ferrite/ferrite/ferrite-core/data_sheet/80/db/fer/eq_13_2_85_8_7.pdf,3.1,3.5100000000000002
B66283G0000X197 (N97),N97,2172.0,4495.976393396514,40.0,20.0,24.283185307179586,28.0,0.0,TDK,0.0,500.0,TwoPieceSet,PLANARE,ferrite,https://product.tdk.com/system/files/dam/doc/product/ferrite/ferrite/ferrite-core/data_sheet/80/db/fer/elp_18_4_10.pdf,5.0,4.0
B65875B0000R097 (N97),N97,2172.0,4701.589713042836,64.25614587014273,47.38000000000002,37.30264525387093,27.64601535159018,0.0,TDK,0.0,500.0,TwoPieceSet,PQ,ferrite,https://product.tdk.com/system/files/dam/doc/product/ferrite/ferrite/ferrite-core/data_sheet/80/db/fer/pq_20_16.pdf,4.600000000000001,10.3
B66233G0000X197 (N97),N97,2172.0,3542.2457404329148,96.37971510382556,160.99999999999997,74.26370912564417,39.699999999999996,0.0,TDK,0.0,500.0,TwoPieceSet,E,ferrite,https://product.tdk.com/system/files/dam/doc/product/ferrite/ferrite/ferrite-core/data_sheet/80/db/fer/e_32_16_11.pdf,6.999999999999999,23.0
B65815E0000R097 (N97),N97,2172.0,7085.766138715741,146.01559291081756,110.7225,56.24476500629382,39.426987802551906,0.0,TDK,0.0,500.0,TwoPieceSet,RM,ferrite,https://product.tdk.com/system/files/dam/doc/product/ferrite/ferrite/ferrite-acc/data_sheet/80/db/fer/rm_12.pdf,6.4750000000000005,17.099999999999998
B66289G0000X197 (N97),N97,2172.0,9884.592689194742,191.24264082866895,103.24000000000001,52.807503790016604,66.0,0.0,TDK,0.0,500.0,TwoPieceSet,PLANARE,ferrite,https://product.tdk.com/system/files/dam/doc/product/ferrite/ferrite/ferrite-core/data_sheet/80/db/fer/elp_38_8_25.pdf,11.600000000000001,8.9
B65646A0000R097 (N97),N97,2172.0,10233.16553133734,348.3221636482014,267.33000000000004,92.90536523775023,61.889375275718926,0.0,TDK,0.0,500.0,TwoPieceSet,PM,ferrite,https://product.tdk.com/system/files/dam/doc/product/ferrite/ferrite/ferrite-acc/data_sheet/80/db/fer/pm_50_39.pdf,9.975000000000001,26.799999999999997
B65919A0000R097 (N97),N97,2172.0,20219.5036087668,1498.825967041312,1475.6000000000001,202.32539835437493,128.80529879718154,0.0,TDK,0.0,500.0,TwoPieceSet,PQ,ferrite,https://product.tdk.com/system/files/dam/doc/product/ferrite/ferrite/ferrite-core/data_sheet/80/db/fer/pq_107_87.pdf,26.35,56.0
B66479G0000X608 (PC200),PC200,800.0,1103.4731575303877,20.025909987260892,10.881,18.244431598349024,15.707963267948967,0.0,TDK,0.0,3000.0,TwoPieceSet,EQ,ferrite,https://product.tdk.com/system/files/dam/doc/product/ferrite/ferrite/ferrite-core/data_sheet/80/db/fer/eq_13_2_85_8_7.pdf,3.1,3.5100000000000002
B66417G0000X608 (PC200),PC200,800.0,654.2456737437305,30.716276272744334,50.050000000000004,47.19843044006693,25.0,0.0,TDK,0.0,3000.0,TwoPieceSet,EFD,ferrite,https://product.tdk.com/system/files/dam/doc/product/ferrite/ferrite/ferrite-acc/data_sheet/80/db/fer/efd_20_10_7.pdf,3.2500000000000004,15.4
B66482G0000X608 (PC200),PC200,800.0,1533.1780739341477,50.49436456002508,37.820000000000014,33.10931246855765,25.132741228718345,0.0,TDK,0.0,3000.0,TwoPieceSet,PLANARER,ferrite,https://product.tdk.com/system/files/dam/doc/product/ferrite/ferrite/ferrite-core/data_sheet/80/db/fer/er_23_5_13.pdf,6.100000000000001,6.200000000000001
B66483G0000X608 (PC200),PC200,800.0,1721.9935266504426,59.37475847717731,37.72000000000002,34.663322880829135,27.64601535159018,0.0,TDK,0.0,3000.0,TwoPieceSet,EQ,ferrite,https://product.tdk.com/system/files/dam/doc/product/ferrite/ferrite/ferrite-core/data_sheet/80/db/fer/eq_20_6_3_14.pdf,4.600000000000001,8.200000000000001
B66484G0000X608 (PC200),PC200,800.0,2044.932449618141,70.71786867530034,38.13000000000001,34.76562551481247,29.530970943744055,0.0,TDK,0.0,3000.0,TwoPieceSet,PLANARER,ferrite,https://product.tdk.com/system/files/dam/doc/product/ferrite/ferrite/ferrite-core/data_sheet/80/db/fer/er_25_6_15.pdf,6.150000000000001,6.200000000000001
B66481G0000X608 (PC200),PC200,800.0,2658.3912120935133,92.10734320883022,35.2,34.83174352369695,34.55751918948772,0.0,TDK,0.0,3000.0,TwoPieceSet,EQ,ferrite,https://product.tdk.com/system/files/dam/doc/product/ferrite/ferrite/ferrite-core/data_sheet/80/db/fer/eq_25_5_6_18.pdf,5.5,6.4
B66287G0000X608 (PC200),PC200,800.0,3094.7037248284387,128.62563059484205,60.80125,41.78383427382982,53.349999999999994,0.0,TDK,0.0,3000.0,TwoPieceSet,PLANARE,ferrite,https://product.tdk.com/system/files/dam/doc/product/ferrite/ferrite/ferrite-core/data_sheet/80/db/fer/elp_32_6_20.pdf,9.575,6.35
B66289G0000X608 (PC200),PC200,800.0,3640.7339555045096,191.24264082866895,103.24000000000001,52.807503790016604,66.0,0.0,TDK,0.0,3000.0,TwoPieceSet,PLANARE,ferrite,https://product.tdk.com/system/files/dam/doc/product/ferrite/ferrite/ferrite-core/data_sheet/80/db/fer/elp_38_8_25.pdf,11.600000000000001,8.9
PC47EF16-Z,PC47,2218.788271,1489.0827916046483,20.062091987236855,41.595,37.564974472287645,18.099999999999998,0.0,TDK,0.0,500.0,TwoPieceSet,E,ferrite,https://product.tdk.com/system/files/dam/doc/product/ferrite/ferrite/ferrite-core/catalog/ferrite_mz_sw_e_en.pdf,3.5249999999999995,11.8
PC47EP17-Z,PC47,2218.788271,3371.728922487757,34.46104979438189,35.736250000000005,28.497159782719482,17.828538309122077,0.0,TDK,0.0,500.0,TwoPieceSet,EP,ferrite,https://product.tdk.com/system/files/dam/doc/product/ferrite/ferrite/ferrite-core/catalog/ferrite_mz_sw_ep_en.pdf,3.1625000000000005,11.299999999999999
PC47EF25-Z,PC47,2218.788271,2502.3759385418584,51.836778572242295,95.3175,57.75787070464923,28.900000000000002,0.0,TDK,0.0,500.0,TwoPieceSet,E,ferrite,https://product.tdk.com/system/files/dam/doc/product/ferrite/ferrite/ferrite-core/catalog/ferrite_mz_sw_e_en.pdf,5.325,17.9
PC47EP20-Z,PC47,2218.788271,5566.724042561826,80.00637795549356,55.4125,40.072887969508876,27.488935718910692,0.0,TDK,0.0,500.0,TwoPieceSet,EP,ferrite,https://product.tdk.com/system/files/dam/doc/product/ferrite/ferrite/ferrite-core/catalog/ferrite_mz_sw_ep_en.pdf,3.875,14.3
PC47EE30-Z,PC47,2218.788271,5266.025488985959,109.64976820900733,76.26000000000002,58.0564513629098,42.8,0.0,TDK,0.0,500.0,TwoPieceSet,E,ferrite,https://product.tdk.com/system/files/dam/doc/product/ferrite/ferrite/ferrite-core/catalog/ferrite_mz_sw_e_en.pdf,4.65,16.400000000000002
PC47PQ32/30Z-12,PC47,2218.788271,6331.082210145252,155.4371079559885,149.6325,68.45457519944165,42.254421190782715,0.0,TDK,0.0,500.0,TwoPieceSet,PQ,ferrite,https://product.tdk.com/system/files/dam/doc/product/ferrite/ferrite/ferrite-core/catalog/ferrite_mz_sw_pq_en.pdf,7.025,21.3
PC47EE42/42/15-Z,PC47,2218.788271,5100.699464770867,178.09585587378666,274.9725,97.3531041865669,53.8,0.0,TDK,0.0,500.0,TwoPieceSet,E,ferrite,https://product.tdk.com/system/files/dam/doc/product/ferrite/ferrite/ferrite-core/catalog/ferrite_mz_sw_e_en.pdf,9.075,30.3
PC47EE55/55/21-Z,PC47,2218.788271,7963.5216182707645,353.0400448665292,399.7349999999999,123.60741716411144,75.30000000000001,0.0,TDK,0.0,500.0,TwoPieceSet,E,ferrite,https://product.tdk.com/system/files/dam/doc/product/ferrite/ferrite/ferrite-core/catalog/ferrite_mz_sw_e_en.pdf,10.574999999999998,37.8
PC95ER14/4.5/9-Z,PC95,3300.0,4796.320593681613,22.112549567984875,11.684999999999999,19.118526572993172,16.33628179866692,0.0,TDK,0.0,1000.0,TwoPieceSet,PLANARER,ferrite,,3.0749999999999997,3.8
PC95ER18/5/12-Z,PC95,3300.0,9348.351538682791,36.35484678534027,5.549999999999999,16.126907212036272,18.84955592153876,0.0,TDK,0.0,1000.0,TwoPieceSet,PLANARER,ferrite,,1.3874999999999997,4.0
PC95PQ20/20Z-12,PC95,3300.0,5841.1042004427545,63.79339713862603,65.78000000000003,45.29023561566136,27.64601535159018,0.0,TDK,0.0,1000.0,TwoPieceSet,PQ,ferrite,,4.600000000000001,14.3
PC95EL25X8.6-Z,PC95,3300.0,11836.918854357651,85.5679370898266,29.020000000000003,29.97755410207578,41.72,0.0,TDK,0.0,1000.0,TwoPieceSet,PLANAREL,ferrite,https://product.tdk.com/system/files/dam/doc/product/ferrite/ferrite/ferrite-core/catalog/ferrite_mz_sw_planar_en.pdf,7.255000000000001,4.0
PC95EER35-Z,PC95,3300.0,5034.343015652769,110.71727160171925,217.55999999999997,91.20032288832104,35.49999698556466,0.0,TDK,0.0,1000.0,TwoPieceSet,ER,ferrite,https://product.tdk.com/system/files/dam/doc/product/ferrite/ferrite/ferrite-core/catalog/ferrite_mz_sw_e_en.pdf,7.3999999999999995,29.4
PC95PQ32/30Z-12,PC95,3300.0,9416.207741202421,155.4371079559885,149.6325,68.45457519944165,42.254421190782715,0.0,TDK,0.0,1000.0,TwoPieceSet,PQ,ferrite,https://product.tdk.com/system/files/dam/doc/product/ferrite/ferrite/ferrite-core/catalog/ferrite_mz_sw_pq_en.pdf,7.025,21.3
PC95PQ40/40Z-12,PC95,3300.0,8429.158817069598,189.02048241561778,325.975,92.99260944125601,46.80973053848791,0.0,TDK,0.0,1000.0,TwoPieceSet,PQ,ferrite,https://product.tdk.com/system/files/dam/doc/product/ferrite/ferrite/ferrite-core/catalog/ferrite_mz_sw_pq_en.pdf,11.050000000000002,29.5
PC95PQ65/44-Z,PC95,3300.0,24569.219027182626,610.9954245529239,369.75,103.12653121932667,81.68140899333461,0.0,TDK,0.0,1000.0,TwoPieceSet,PQ,ferrite,,14.5,25.5
B64290L0045X035 (T35),T35,5654.0,3562.0200000000004,20.160000000000004,69.39778171779851,40.21238596594935,19.000000000000004,0.0,TDK,0.0,300.0,Toroid,T,ferrite,https://product.tdk.com/system/files/dam/doc/product/ferrite/ferrite/ferrite-core/data_sheet/80/db/fer/r_16_0_9_60_6_30.pdf,,
B64290L0652X035 (T35),T35,5654.0,3497.7236101083035,21.420000000000005,86.59014751456866,43.51105825221864,19.900000000000002,0.0,TDK,0.0,300.0,Toroid,T,ferrite,https://product.tdk.com/system/files/dam/doc/product/ferrite/ferrite/ferrite-core/data_sheet/80/db/fer/r_17_0_10_7_6_80.pdf,,
B64290L0638X035 (T35),T35,5654.0,3369.657653631285,26.670000000000005,143.13881527918494,56.2345084992573,21.1,0.0,TDK,0.0,300.0,Toroid,T,ferrite,https://product.tdk.com/system/files/dam/doc/product/ferrite/ferrite/ferrite-core/data_sheet/80/db/fer/r_22_1_13_7_6_35.pdf,,
B64290L0632X035 (T35),T35,5654.0,5277.0666666666675,35.0,75.42963961269093,47.12388980384688,24.0,0.0,TDK,0.0,300.0,Toroid,T,ferrite,https://product.tdk.com/system/files/dam/doc/product/ferrite/ferrite/ferrite-core/data_sheet/80/db/fer/r_20_0_10_0_7_0.pdf https://product.tdk.com/system/files/dam/doc/product/ferrite/ferrite/ferrite-core/wdcatalog/wd_ferrite_nz_coil_set_en.pdf,,
B64290L0631X035 (T35),T35,5654.0,7538.666666666668,49.99999999999999,75.42963961269093,47.123889803846886,30.0,0.0,TDK,0.0,300.0,Toroid,T,ferrite,https://product.tdk.com/system/files/dam/doc/product/ferrite/ferrite/ferrite-core/data_sheet/80/db/fer/r_20_0_10_0_10_0.pdf,,
B64290L0651X035 (T35),T35,5654.0,6633.184357541901,52.500000000000014,143.13881527918494,56.2345084992573,33.4,0.0,TDK,0.0,300.0,Toroid,T,ferrite,https://product.tdk.com/system/files/dam/doc/product/ferrite/ferrite/ferrite-core/data_sheet/80/db/fer/r_22_1_13_7_12_5.pdf,,
B64290L0616X035 (T35),T35,5654.0,11843.790523690772,104.99999999999999,167.41547250980008,62.98893270447535,50.5,0.0,TDK,0.0,300.0,Toroid,T,ferrite,https://product.tdk.com/system/files/dam/doc/product/ferrite/ferrite/ferrite-core/data_sheet/80/db/fer/r_25_3_14_8_20_0.pdf,,
B64290L0699X035 (T35),T35,5654.0,13995.049504950495,312.50000000000006,1122.20831178881,158.65042900628455,75.00000000000001,0.0,TDK,0.0,300.0,Toroid,T,ferrite,https://product.tdk.com/system/files/dam/doc/product/ferrite/ferrite/ferrite-core/data_sheet/80/db/fer/r_63_0_38_0_25_0.pdf,,
B66307F0000X165 (T65),T65,5305.0,3560.3145702146453,20.062091987236855,41.595,37.564974472287645,18.099999999999998,0.0,TDK,0.0,200.0,TwoPieceSet,E,ferrite,https://product.tdk.com/system/files/dam/doc/product/ferrite/ferrite/ferrite-acc/data_sheet/80/db/fer/e_16_8_5.pdf,3.5249999999999995,11.8
B64290L0719X065 (T65),T65,5305.0,3933.40558659218,33.180000000000014,143.13881527918494,56.234508499257295,24.200000000000003,0.0,TDK,0.0,200.0,Toroid,T,ferrite,https://product.tdk.com/system/files/dam/doc/product/ferrite/ferrite/ferrite-core/data_sheet/80/db/fer/r_22_1_13_7_7_90.pdf,,
B64290L0697X065 (T65),T65,5305.0,6440.226337448561,36.875,25.517586328783096,38.17035074111598,24.3,0.0,TDK,0.0,200.0,Toroid,T,ferrite,https://product.tdk.com/system/files/dam/doc/product/ferrite/ferrite/ferrite-core/data_sheet/80/db/fer/r_18_4_5_90_5_90.pdf,,
B64290L0058X065 (T65),T65,5305.0,5256.330275229359,67.50000000000003,323.6547291544545,85.60839981032188,33.5,0.0,TDK,0.0,200.0,Toroid,T,ferrite,https://product.tdk.com/system/files/dam/doc/product/ferrite/ferrite/ferrite-core/data_sheet/80/db/fer/r_34_0_20_5_10_0.pdf,,
B65847A0000R065 (T65),T65,5305.0,13309.729202994551,80.00637795549356,55.4125,40.072887969508876,27.488935718910692,0.0,TDK,0.0,200.0,TwoPieceSet,EP,ferrite,https://product.tdk.com/system/files/dam/doc/product/ferrite/ferrite/ferrite-acc/data_sheet/80/db/fer/ep_20.pdf,3.875,14.3
B64290L0668X065 (T65),T65,5305.0,8983.133333333331,120.9675,279.0696389137899,89.77101007632834,44.45,0.0,TDK,0.0,200.0,Toroid,T,ferrite,https://product.tdk.com/system/files/dam/doc/product/ferrite/ferrite/ferrite-core/data_sheet/80/db/fer/r_38_1_19_05_12_7.pdf,,
B64290L0042X065 (T65),T65,5305.0,7569.394550958625,176.74999999999994,1294.618916617818,155.66591598537426,57.89999999999999,0.0,TDK,0.0,200.0,Toroid,T,ferrite,https://product.tdk.com/system/files/dam/doc/product/ferrite/ferrite/ferrite-core/data_sheet/80/db/fer/r_58_3_40_8_20_2.pdf,,
B64290L0699X065 (T65),T65,5305.0,13131.18811881188,312.50000000000006,1122.20831178881,158.65042900628455,75.00000000000001,0.0,TDK,0.0,200.0,Toroid,T,ferrite,https://product.tdk.com/system/files/dam/doc/product/ferrite/ferrite/ferrite-core/data_sheet/80/db/fer/r_63_0_38_0_25_0.pdf,,
00A1808E026,Kool Mµ MAX 26,26.0,20.194788077256643,24.298018397212974,50.6356,39.311061266653965,19.12,0.0,Magnetics,0.0,2000.0,TwoPieceSet,E,powder,https://www.mag-inc.com/Media/Magnetics/Datasheets/00A1808E026.pdf,4.569999999999999,11.08
0079587A7,Kool Mµ MAX 26,26.0,22.730721345116674,62.00520000000003,390.5706526759171,89.12470526592553,32.24,0.0,Magnetics,0.0,2000.0,Toroid,T,powder,https://www.mag-inc.com/Media/Magnetics/Datasheets/0079587A7.pdf,,
0079717A7,Kool Mµ MAX 26,26.0,38.45370690802141,149.472,741.6773252957862,127.00032893322863,49.56,0.0,Magnetics,0.0,2000.0,Toroid,T,powder,https://www.mag-inc.com/Media/Magnetics/Datasheets/0079717A7.pdf,,
00A4020E026,Kool Mµ MAX 26,26.0,59.77054585035822,178.115672244861,274.9725,97.36393647251953,53.8,0.0,Magnetics,0.0,2000.0,TwoPieceSet,E,powder,https://www.mag-inc.com/Media/Magnetics/Datasheets/00A4020E026.pdf,9.075,30.3
LPY4225E026L123,Kool Mµ MAX 26,26.0,118.08975912127548,224.11711341246996,150.10000000000005,62.00775321846315,50.893800988154645,0.0,Magnetics,0.0,2000.0,TwoPieceSet,LP,powder,https://www.mag-inc.com/Media/Magnetics/Datasheets/LPY4225E026L123.pdf,9.500000000000002,15.8
EQY5032E026L200,Kool Mµ MAX 26,26.0,103.77743627943502,329.8035730425377,347.99999999999994,103.83305467139948,62.83185307179587,0.0,Magnetics,0.0,2000.0,TwoPieceSet,EQ,powder,https://www.mag-inc.com/Media/Magnetics/Datasheets/EQY5032E026L200.pdf,11.999999999999998,29.0
00A6527E026,Kool Mµ MAX 26,26.0,119.42935240431206,536.9693410778119,571.7800000000001,146.89994204096365,93.3,0.0,Magnetics,0.0,2000.0,TwoPieceSet,E,powder,https://www.mag-inc.com/Media/Magnetics/Datasheets/00A6527E026.pdf,12.650000000000002,45.2
00A114LE026,Kool Mµ MAX 26,26.0,187.78864324660805,1229.205051140827,1269.8400000000001,213.86426523579507,140.4,0.0,Magnetics,0.0,2000.0,TwoPieceSet,E,powder,,22.2,57.2
00F1808E026,Kool Mµ Hƒ 26,26.0,20.194788077256643,24.298018397212974,50.6356,39.311061266653965,19.12,0.0,Magnetics,0.0,2000.0,TwoPieceSet,E,powder,https://www.mag-inc.com/Media/Magnetics/Datasheets/00F1808E026.pdf,4.569999999999999,11.08
0076352A7,Kool Mµ Hƒ 26,26.0,28.99327242672975,51.68100000000001,143.13881527918494,58.23939893439163,30.020000000000003,0.0,Magnetics,0.0,2000.0,Toroid,T,powder,https://www.mag-inc.com/Media/Magnetics/Datasheets/0076352A7.pdf,,
00F3515E026,Kool Mµ Hƒ 26,26.0,40.482453371870555,100.0,187.50000000000003,80.70796326794897,40.0,0.0,Magnetics,0.0,2000.0,TwoPieceSet,E,powder,https://www.mag-inc.com/Media/Magnetics/Datasheets/00F3515E026.pdf,7.500000000000001,25.0
0076111A7,Kool Mµ Hƒ 26,26.0,39.76588689489063,173.585,936.9891195518513,142.62141234355073,53.1,0.0,Magnetics,0.0,2000.0,Toroid,T,powder,https://www.mag-inc.com/Media/Magnetics/Datasheets/0076111A7.pdf,,
00F4022E026,Kool Mµ Hƒ 26,26.0,78.36138452622214,233.51619906349666,274.9725,97.36393647251953,63.1,0.0,Magnetics,0.0,2000.0,TwoPieceSet,E,powder,https://www.mag-inc.com/Media/Magnetics/Datasheets/00F4022E026.pdf,9.075,30.3
0076074A7,Kool Mµ Hƒ 26,26.0,77.29783551501919,371.9987499999999,933.1950966439273,157.2379451057476,77.57,0.0,Magnetics,0.0,2000.0,Toroid,T,powder,https://www.mag-inc.com/Media/Magnetics/Datasheets/0076074A7.pdf,,
00F5530E026,Kool Mµ Hƒ 26,26.0,110.8989442052481,419.5656976194024,399.7349999999999,123.61061718819273,83.10000000000001,0.0,Magnetics,0.0,2000.0,TwoPieceSet,E,powder,https://www.mag-inc.com/Media/Magnetics/Datasheets/00F5530E026.pdf,10.574999999999998,37.8
0076337A7,Kool Mµ Hƒ 26,26.0,76.8667791720878,761.2540000000001,4655.4162761516545,323.57437109523715,110.41000000000001,0.0,Magnetics,0.0,2000.0,Toroid,T,powder,https://www.mag-inc.com/Media/Magnetics/Datasheets/0076337A7.pdf,,
00G1808E026,Edge 26,26.0,20.194788077256643,24.298018397212974,50.6356,39.311061266653965,19.12,0.0,Magnetics,0.0,2000.0,TwoPieceSet,E,powder,https://www.mag-inc.com/Media/Magnetics/Datasheets/00G1808E026.pdf,4.569999999999999,11.08
0059587A2,Edge 26,26.0,22.730721345116674,62.00520000000003,390.5706526759171,89.12470526592553,32.24,0.0,Magnetics,0.0,2000.0,Toroid,T,powder,https://www.mag-inc.com/Media/Magnetics/Datasheets/0059587A2.pdf,,
00G4017E026,Edge 26,26.0,44.20461422459013,131.7371976382019,275.23859999999996,97.36974393895639,45.32,0.0,Magnetics,0.0,2000.0,TwoPieceSet,E,powder,https://www.mag-inc.com/Media/Magnetics/Datasheets/00G4017E026.pdf,9.229999999999999,29.82
0059111A2,Edge 26,26.0,39.76588689489063,173.585,936.9891195518513,142.62141234355073,53.1,0.0,Magnetics,0.0,2000.0,Toroid,T,powder,https://www.mag-inc.com/Media/Magnetics/Datasheets/0059111A2.pdf,,
0059868A2,Edge 26,26.0,35.66697941594758,213.71250000000003,1809.5573684677208,195.7702996478908,58.550000000000004,0.0,Magnetics,0.0,2000.0,Toroid,T,powder,https://www.mag-inc.com/Media/Magnetics/Datasheets/0059868A2.pdf,,
0059191A2,Edge 26,26.0,69.052592685174,263.007,505.5112391548271,124.4430165456912,64.86999999999999,0.0,Magnetics,0.0,2000.0,Toroid,T,powder,https://www.mag-inc.com/Media/Magnetics/Datasheets/0059191A2.pdf,,
00G8044E026,Edge 26,26.0,62.90245987251567,402.19732658356673,1356.5838999999999,208.90785126864216,79.24000000000001,0.0,Magnetics,0.0,2000.0,TwoPieceSet,E,powder,https://www.mag-inc.com/Media/Magnetics/Datasheets/00G8044E026.pdf,19.735,68.74
0059337A2,Edge 26,26.0,76.8667791720878,761.2540000000001,4655.4162761516545,323.57437109523715,110.41000000000001,0.0,Magnetics,0.0,2000.0,Toroid,T,powder,https://www.mag-inc.com/Media/Magnetics/Datasheets/0059337A2.pdf,,
00K1808E026,Kool Mµ 26,26.0,20.194788077256643,24.298018397212974,50.6356,39.311061266653965,19.12,0.0,Magnetics,0.0,2000.0,TwoPieceSet,E,powder,https://www.mag-inc.com/Media/Magnetics/Datasheets/00K1808E026.pdf,4.569999999999999,11.08
0077932A7,Kool Mµ 26,26.0,42.33849025350609,82.14,151.74677915002098,63.387342293405496,37.69,0.0,Magnetics,0.0,2000.0,Toroid,T,powder,https://www.mag-inc.com/Media/Magnetics/Datasheets/0077932A7.pdf,,
00K4317E026,Kool Mµ 26,26.0,66.14348131314188,155.52943261721555,164.16199999999998,76.82609347980576,50.0,0.0,Magnetics,0.0,2000.0,TwoPieceSet,E,powder,https://www.mag-inc.com/Media/Magnetics/Datasheets/00K4317E026.pdf,7.8999999999999995,20.78
LPK3624E026L144,Kool Mµ 26,26.0,96.0178597231979,195.61746661680817,160.16,66.56390943530741,47.12388980384689,0.0,Magnetics,0.0,2000.0,TwoPieceSet,LP,powder,https://www.mag-inc.com/Media/Magnetics/Datasheets/LPK3624E026L144.pdf,7.7,20.8
00K6533U026,Kool Mµ 26,26.0,43.245205925607536,260.8039377672043,1523.2968,197.0422630844339,65.94999999999999,0.0,Magnetics,0.0,2000.0,TwoPieceSet,U,powder,https://www.mag-inc.com/Media/Magnetics/Datasheets/00K6533U026.pdf,39.239999999999995,38.82
00K8038U026,Kool Mµ 26,26.0,50.343516520980444,363.30608259867796,2164.9435999999996,235.7829152450385,77.83000000000001,0.0,Magnetics,0.0,2000.0,TwoPieceSet,U,powder,https://www.mag-inc.com/Media/Magnetics/Datasheets/00K8038U026.pdf,48.26,44.86
00K8020E02602,Kool Mµ 26,26.0,105.19027827571833,594.147042949395,1143.3200000000002,184.54468763785948,99.8,0.0,Magnetics,0.0,2000.0,TwoPieceSet,E,powder,,20.200000000000003,56.599999999999994
0077337A7HT52,Kool Mµ 26,26.0,149.1444969010659,1477.0600000000004,4655.4162761516545,323.57437109523715,160.81,0.0,Magnetics,0.0,2000.0,Toroid,T,powder,https://www.mag-inc.com/Media/Magnetics/Datasheets/0077337A7HT52.pdf,,
00X1808E026,XFlux 26,26.0,20.194788077256643,24.298018397212974,50.6356,39.311061266653965,19.12,0.0,Magnetics,0.0,1000.0,TwoPieceSet,E,powder,https://www.mag-inc.com/Media/Magnetics/Datasheets/00X1808E026.pdf,4.569999999999999,11.08
LPX2314E026L087,XFlux 26,26.0,57.295732600441816,72.67396757518559,63.364,41.441914078126636,28.8712364864902,0.0,Magnetics,0.0,1000.0,TwoPieceSet,LP,powder,https://www.mag-inc.com/Media/Magnetics/Datasheets/LPX2314E026L087.pdf,5.11,12.4
EQX3222E026L152,XFlux 26,26.0,67.47891491026093,154.64986943925612,162.14999999999998,74.87980062058077,42.411500823462205,0.0,Magnetics,0.0,1000.0,TwoPieceSet,EQ,powder,https://www.mag-inc.com/Media/Magnetics/Datasheets/EQX3222E026L152.pdf,7.05,23.0
EQX3626E026L110,XFlux 26,26.0,101.10012920966388,188.96964924099507,123.20000000000002,61.06938666703617,45.23893421169302,0.0,Magnetics,0.0,1000.0,TwoPieceSet,EQ,powder,https://www.mag-inc.com/Media/Magnetics/Datasheets/EQX3626E026L110.pdf,8.8,14.0
00X4022E026,XFlux 26,26.0,78.36138452622214,233.51619906349666,274.9725,97.36393647251953,63.1,0.0,Magnetics,0.0,1000.0,TwoPieceSet,E,powder,https://www.mag-inc.com/Media/Magnetics/Datasheets/00X4022E026.pdf,9.075,30.3
0078073A7S01,XFlux 26,26.0,77.29783551501919,371.9987499999999,933.1950966439273,157.2379451057476,77.57,0.0,Magnetics,0.0,1000.0,Toroid,T,powder,https://www.mag-inc.com/Media/Magnetics/Datasheets/0078073A7S01.pdf,,
0078735A7,XFlux 26,26.0,97.98823481902409,549.9351999999999,1533.691054503164,183.36683816784216,102.46,0.0,Magnetics,0.0,1000.0,Toroid,T,powder,https://www.mag-inc.com/Media/Magnetics/Datasheets/0078735A7.pdf,,
0078337A7X3,XFlux 26,26.0,228.68961223917242,2259.2222499999993,4583.137653970515,322.7719087058424,214.37,0.0,Magnetics,0.0,1000.0,Toroid,T,powder,https://www.mag-inc.com/Media/Magnetics/Datasheets/0078337A7X3.pdf,,
00A1808E040,Kool Mµ MAX 40,40.0,31.068904734240988,24.298018397212974,50.6356,39.311061266653965,19.12,0.0,Magnetics,0.0,2000.0,TwoPieceSet,E,powder,https://www.mag-inc.com/Media/Magnetics/Datasheets/00A1808E040.pdf,4.569999999999999,11.08
EQY2014E040L050,Kool Mµ MAX 40,40.0,86.09967633252211,59.37475847717731,37.72000000000002,34.663322880829135,27.64601535159018,0.0,Magnetics,0.0,2000.0,TwoPieceSet,EQ,powder,https://www.mag-inc.com/Media/Magnetics/Datasheets/EQY2014E040L050.pdf,4.600000000000001,8.200000000000001
0079260A7,Kool Mµ MAX 40,40.0,68.92955685117128,134.51899999999998,419.0963139705124,98.09525468575573,48.27,0.0,Magnetics,0.0,2000.0,Toroid,T,powder,https://www.mag-inc.com/Media/Magnetics/Datasheets/0079260A7.pdf,,
EQY3626E040L174,Kool Mµ MAX 40,40.0,108.11186635396834,185.63738350619496,235.84000000000003,86.31016149072873,45.23893421169302,0.0,Magnetics,0.0,2000.0,TwoPieceSet,EQ,powder,https://www.mag-inc.com/Media/Magnetics/Datasheets/EQY3626E040L174.pdf,8.8,26.8
LPY4225E040L123,Kool Mµ MAX 40,40.0,181.67655249426997,224.11711341246996,150.10000000000005,62.00775321846315,50.893800988154645,0.0,Magnetics,0.0,2000.0,TwoPieceSet,LP,powder,https://www.mag-inc.com/Media/Magnetics/Datasheets/LPY4225E040L123.pdf,9.500000000000002,15.8
0079733A7,Kool Mµ MAX 40,40.0,131.91008685140758,296.97045,444.88093567485066,113.16316516163977,70.69,0.0,Magnetics,0.0,2000.0,Toroid,T,powder,https://www.mag-inc.com/Media/Magnetics/Datasheets/0079733A7.pdf,,
00A8020E040,Kool Mµ MAX 40,40.0,111.83019617352112,410.57337187200704,1143.3200000000002,184.54468763785948,81.19999999999999,0.0,Magnetics,0.0,2000.0,TwoPieceSet,E,powder,https://www.mag-inc.com/Media/Magnetics/Datasheets/00A8020E040.pdf,20.200000000000003,56.599999999999994
00A114LE040,Kool Mµ MAX 40,40.0,288.9056049947816,1229.205051140827,1269.8400000000001,213.86426523579507,140.4,0.0,Magnetics,0.0,2000.0,TwoPieceSet,E,powder,,22.2,57.2
00F1808E040,Kool Mµ Hƒ 40,40.0,31.068904734240988,24.298018397212974,50.6356,39.311061266653965,19.12,0.0,Magnetics,0.0,2000.0,TwoPieceSet,E,powder,https://www.mag-inc.com/Media/Magnetics/Datasheets/00F1808E040.pdf,4.569999999999999,11.08
0076316A7,Kool Mµ Hƒ 40,40.0,38.77596318674589,43.62799999999999,134.78217882063606,56.555202976947236,27.18,0.0,Magnetics,0.0,2000.0,Toroid,T,powder,https://www.mag-inc.com/Media/Magnetics/Datasheets/0076316A7.pdf,,
00F3515E040,Kool Mµ Hƒ 40,40.0,62.280697495185464,100.0,187.50000000000003,80.70796326794897,40.0,0.0,Magnetics,0.0,2000.0,TwoPieceSet,E,powder,https://www.mag-inc.com/Media/Magnetics/Datasheets/00F3515E040.pdf,7.500000000000001,25.0
0076095A7,Kool Mµ Hƒ 40,40.0,69.4076984680898,159.975,601.758249787449,115.85487969789672,52.15,0.0,Magnetics,0.0,2000.0,Toroid,T,powder,https://www.mag-inc.com/Media/Magnetics/Datasheets/0076095A7.pdf,,
0076872A7,Kool Mµ Hƒ 40,40.0,54.872276024534735,213.71250000000003,1809.5573684677208,195.7702996478908,58.550000000000004,0.0,Magnetics,0.0,2000.0,Toroid,T,powder,,,
0076600A7,Kool Mµ Hƒ 40,40.0,99.67712238384134,282.9,844.9627601095109,142.66167247936184,68.6,0.0,Magnetics,0.0,2000.0,Toroid,T,powder,https://www.mag-inc.com/Media/Magnetics/Datasheets/0076600A7.pdf,,
0076616A7,Kool Mµ Hƒ 40,40.0,142.13271680374166,404.4550999999999,778.8166053279941,143.0362494368053,83.03999999999999,0.0,Magnetics,0.0,2000.0,Toroid,T,powder,https://www.mag-inc.com/Media/Magnetics/Datasheets/0076616A7.pdf,,
00F8024E040,Kool Mµ Hƒ 40,40.0,237.46843609718002,601.6412674795076,553.3693999999999,127.35077163596267,99.06,0.0,Magnetics,0.0,2000.0,TwoPieceSet,E,powder,https://www.mag-inc.com/Media/Magnetics/Datasheets/00F8024E040.pdf,19.735,28.04
00G1808E040,Edge 40,40.0,31.068904734240988,24.298018397212974,50.6356,39.311061266653965,19.12,0.0,Magnetics,0.0,2000.0,TwoPieceSet,E,powder,https://www.mag-inc.com/Media/Magnetics/Datasheets/00G1808E040.pdf,4.569999999999999,11.08
00G3007E040,Edge 40,40.0,46.03342886026711,61.78863739693241,129.00000000000003,67.46913593102266,28.1,0.0,Magnetics,0.0,2000.0,TwoPieceSet,E,powder,https://www.mag-inc.com/Media/Magnetics/Datasheets/00G3007E040.pdf,6.450000000000001,20.0
00G4017E040,Edge 40,40.0,68.00709880706175,131.7371976382019,275.23859999999996,97.36974393895639,45.32,0.0,Magnetics,0.0,2000.0,TwoPieceSet,E,powder,https://www.mag-inc.com/Media/Magnetics/Datasheets/00G4017E040.pdf,9.229999999999999,29.82
LPG3222E040L152,Edge 40,40.0,120.23800737777894,161.80677829299236,155.25,67.64330142486925,42.411500823462205,0.0,Magnetics,0.0,2000.0,TwoPieceSet,LP,powder,https://www.mag-inc.com/Media/Magnetics/Datasheets/LPG3222E040L152.pdf,6.75,23.0
0059872A2,Edge 40,40.0,54.872276024534735,213.71250000000003,1809.5573684677208,195.7702996478908,58.550000000000004,0.0,Magnetics,0.0,2000.0,Toroid,T,powder,https://www.mag-inc.com/Media/Magnetics/Datasheets/0059872A2.pdf,,
0059912A2,Edge 40,40.0,67.50474244744923,262.9125000000001,1809.5573684677208,195.7702996478908,64.95,0.0,Magnetics,0.0,2000.0,Toroid,T,powder,https://www.mag-inc.com/Media/Magnetics/Datasheets/0059912A2.pdf,,
00G8044E040,Edge 40,40.0,96.77301518848566,402.19732658356673,1356.5838999999999,208.90785126864216,79.24000000000001,0.0,Magnetics,0.0,2000.0,TwoPieceSet,E,powder,https://www.mag-inc.com/Media/Magnetics/Datasheets/00G8044E040.pdf,19.735,68.74
00G8024E040,Edge 40,40.0,237.46843609718002,601.6412674795076,553.3693999999999,127.35077163596267,99.06,0.0,Magnetics,0.0,2000.0,TwoPieceSet,E,powder,https://www.mag-inc.com/Media/Magnetics/Datasheets/00G8024E040.pdf,19.735,28.04
00K1808E040,Kool Mµ 40,40.0,31.068904734240988,24.298018397212974,50.6356,39.311061266653965,19.12,0.0,Magnetics,0.0,2000.0,TwoPieceSet,E,powder,https://www.mag-inc.com/Media/Magnetics/Datasheets/00K1808E040.pdf,4.569999999999999,11.08
00K3007E040,Kool Mµ 40,40.0,46.03342886026711,61.78863739693241,129.00000000000003,67.46913593102266,28.1,0.0,Magnetics,0.0,2000.0,TwoPieceSet,E,powder,https://www.mag-inc.com/Media/Magnetics/Datasheets/00K3007E040.pdf,6.450000000000001,20.0
0077721A7,Kool Mµ 40,40.0,59.1595490892637,149.472,741.6773252957862,127.00032893322863,49.56,0.0,Magnetics,0.0,2000.0,Toroid,T,powder,https://www.mag-inc.com/Media/Magnetics/Datasheets/0077721A7.pdf,,
EQK3626E040L110,Kool Mµ 40,40.0,155.53866032255982,188.96964924099507,123.20000000000002,61.06938666703617,45.23893421169302,0.0,Magnetics,0.0,2000.0,TwoPieceSet,EQ,powder,https://www.mag-inc.com/Media/Magnetics/Datasheets/EQK3626E040L110.pdf,8.8,14.0
EQK4128E040L120,Kool Mµ 40,40.0,162.26938196138613,217.7445524046065,161.99999999999997,67.44978533104076,46.80973053848791,0.0,Magnetics,0.0,2000.0,TwoPieceSet,EQ,powder,https://www.mag-inc.com/Media/Magnetics/Datasheets/EQK4128E040L120.pdf,10.799999999999999,15.0
0077733A7,Kool Mµ 40,40.0,131.91008685140758,296.97045,444.88093567485066,113.16316516163977,70.69,0.0,Magnetics,0.0,2000.0,Toroid,T,powder,https://www.mag-inc.com/Media/Magnetics/Datasheets/0077733A7.pdf,,
00K5530E040,Kool Mµ 40,40.0,170.61376031576634,419.5656976194024,399.7349999999999,123.61061718819273,83.10000000000001,0.0,Magnetics,0.0,2000.0,TwoPieceSet,E,powder,https://www.mag-inc.com/Media/Magnetics/Datasheets/00K5530E040.pdf,10.574999999999998,37.8
00K114LE040,Kool Mµ 40,40.0,288.9056049947816,1229.205051140827,1269.8400000000001,213.86426523579507,140.4,0.0,Magnetics,0.0,2000.0,TwoPieceSet,E,powder,https://www.mag-inc.com/Media/Magnetics/Datasheets/00K114LE040.pdf,22.2,57.2
00X1808E040,XFlux 40,40.0,31.068904734240988,24.298018397212974,50.6356,39.311061266653965,19.12,0.0,Magnetics,0.0,1000.0,TwoPieceSet,E,powder,https://www.mag-inc.com/Media/Magnetics/Datasheets/00X1808E040.pdf,4.569999999999999,11.08
0078591A7,XFlux 40,40.0,34.970340530948725,62.00520000000003,390.5706526759171,89.12470526592553,32.24,0.0,Magnetics,0.0,1000.0,Toroid,T,powder,https://www.mag-inc.com/Media/Magnetics/Datasheets/0078591A7.pdf,,
0078721A7,XFlux 40,40.0,59.1595490892637,149.472,741.6773252957862,127.00032893322863,49.56,0.0,Magnetics,0.0,1000.0,Toroid,T,powder,https://www.mag-inc.com/Media/Magnetics/Datasheets/0078721A7.pdf,,
00X4020E040,XFlux 40,40.0,91.95468592362802,178.115672244861,274.9725,97.36393647251953,53.8,0.0,Magnetics,0.0,1000.0,TwoPieceSet,E,powder,https://www.mag-inc.com/Media/Magnetics/Datasheets/00X4020E040.pdf,9.075,30.3
EQX4128E040L120,XFlux 40,40.0,162.26938196138613,217.7445524046065,161.99999999999997,67.44978533104076,46.80973053848791,0.0,Magnetics,0.0,1000.0,TwoPieceSet,EQ,powder,https://www.mag-inc.com/Media/Magnetics/Datasheets/EQX4128E040L120.pdf,10.799999999999999,15.0
0078733A7,XFlux 40,40.0,131.91008685140758,296.97045,444.88093567485066,113.16316516163977,70.69,0.0,Magnetics,0.0,1000.0,Toroid,T,powder,https://www.mag-inc.com/Media/Magnetics/Datasheets/0078733A7.pdf,,
00X5530E040,XFlux 40,40.0,170.61376031576634,419.5656976194024,399.7349999999999,123.61061718819273,83.10000000000001,0.0,Magnetics,0.0,1000.0,TwoPieceSet,E,powder,https://www.mag-inc.com/Media/Magnetics/Datasheets/00X5530E040.pdf,10.574999999999998,37.8
00X114LE040,XFlux 40,40.0,288.9056049947816,1229.205051140827,1269.8400000000001,213.86426523579507,140.4,0.0,Magnetics,0.0,1000.0,TwoPieceSet,E,powder,https://www.mag-inc.com/Media/Magnetics/Datasheets/00X114LE040.pdf,22.2,57.2
00A1808E060,Kool Mµ MAX 60,60.0,46.603357101361475,24.298018397212974,50.6356,39.311061266653965,19.12,0.0,Magnetics,0.0,2000.0,TwoPieceSet,E,powder,https://www.mag-inc.com/Media/Magnetics/Datasheets/00A1808E060.pdf,4.569999999999999,11.08
00A3007E060,Kool Mµ MAX 60,60.0,69.05014329040065,61.78863739693241,129.00000000000003,67.46913593102266,28.1,0.0,Magnetics,0.0,2000.0,TwoPieceSet,E,powder,https://www.mag-inc.com/Media/Magnetics/Datasheets/00A3007E060.pdf,6.450000000000001,20.0
00A4017E060,Kool Mµ MAX 60,60.0,102.0106482105926,131.7371976382019,275.23859999999996,97.36974393895639,45.32,0.0,Magnetics,0.0,2000.0,TwoPieceSet,E,powder,https://www.mag-inc.com/Media/Magnetics/Datasheets/00A4017E060.pdf,9.229999999999999,29.82
0079894A7HT24,Kool Mµ MAX 60,60.0,206.67243526943932,171.1269,138.92908112337463,62.43050394261359,61.73,0.0,Magnetics,0.0,2000.0,Toroid,T,powder,https://www.mag-inc.com/Media/Magnetics/Datasheets/0079894A7HT24.pdf,,
EQY4128E060L199,Kool Mµ MAX 60,60.0,166.7102604621865,213.9311881497238,326.15999999999997,96.75488199010063,46.80973053848791,0.0,Magnetics,0.0,2000.0,TwoPieceSet,EQ,powder,https://www.mag-inc.com/Media/Magnetics/Datasheets/EQY4128E060L199.pdf,10.799999999999999,30.200000000000003
0079726A7,Kool Mµ MAX 60,60.0,197.86513027711135,296.97045,444.88093567485066,113.16316516163977,70.69,0.0,Magnetics,0.0,2000.0,Toroid,T,powder,https://www.mag-inc.com/Media/Magnetics/Datasheets/0079726A7.pdf,,
00A8020E060,Kool Mµ MAX 60,60.0,167.74529426028167,410.57337187200704,1143.3200000000002,184.54468763785948,81.19999999999999,0.0,Magnetics,0.0,2000.0,TwoPieceSet,E,powder,https://www.mag-inc.com/Media/Magnetics/Datasheets/00A8020E060.pdf,20.200000000000003,56.599999999999994
00Y114LE060,Kool Mµ MAX 60,60.0,433.3584074921723,1229.205051140827,1269.8400000000001,213.86426523579507,140.4,0.0,Magnetics,0.0,2000.0,TwoPieceSet,E,powder,,22.2,57.2
00F1808E060,Kool Mµ Hƒ 60,60.0,46.603357101361475,24.298018397212974,50.6356,39.311061266653965,19.12,0.0,Magnetics,0.0,2000.0,TwoPieceSet,E,powder,https://www.mag-inc.com/Media/Magnetics/Datasheets/00F1808E060.pdf,4.569999999999999,11.08
0076351A7,Kool Mµ Hƒ 60,60.0,66.90755175399173,51.68100000000001,143.13881527918494,58.23939893439163,30.020000000000003,0.0,Magnetics,0.0,2000.0,Toroid,T,powder,https://www.mag-inc.com/Media/Magnetics/Datasheets/0076351A7.pdf,,
0076076A7,Kool Mµ Hƒ 60,60.0,73.18748869291723,86.69700000000002,356.32729275178826,89.31580951419075,38.010000000000005,0.0,Magnetics,0.0,2000.0,Toroid,T,powder,https://www.mag-inc.com/Media/Magnetics/Datasheets/0076076A7.pdf,,
0076716A7,Kool Mµ Hƒ 60,60.0,88.73932363389557,149.472,741.6773252957862,127.00032893322863,49.56,0.0,Magnetics,0.0,2000.0,Toroid,T,powder,https://www.mag-inc.com/Media/Magnetics/Datasheets/0076716A7.pdf,,
0076537A7,Kool Mµ Hƒ 60,60.0,122.96495657147406,205.01999999999998,611.3617843702078,125.71178204865524,57.39999999999999,0.0,Magnetics,0.0,2000.0,Toroid,T,powder,https://www.mag-inc.com/Media/Magnetics/Datasheets/0076537A7.pdf,,
0076599A7,Kool Mµ Hƒ 60,60.0,149.515683575762,282.9,844.9627601095109,142.66167247936184,68.6,0.0,Magnetics,0.0,2000.0,Toroid,T,powder,https://www.mag-inc.com/Media/Magnetics/Datasheets/0076599A7.pdf,,
00F8044E060,Kool Mµ Hƒ 60,60.0,145.1595227827285,402.19732658356673,1356.5838999999999,208.90785126864216,79.24000000000001,0.0,Magnetics,0.0,2000.0,TwoPieceSet,E,powder,https://www.mag-inc.com/Media/Magnetics/Datasheets/00F8044E060.pdf,19.735,68.74
00F8024E060,Kool Mµ Hƒ 60,60.0,356.20265414576994,601.6412674795076,553.3693999999999,127.35077163596267,99.06,0.0,Magnetics,0.0,2000.0,TwoPieceSet,E,powder,https://www.mag-inc.com/Media/Magnetics/Datasheets/00F8024E060.pdf,19.735,28.04
00G1808E060,Edge 60,60.0,46.603357101361475,24.298018397212974,50.6356,39.311061266653965,19.12,0.0,Magnetics,0.0,2000.0,TwoPieceSet,E,powder,https://www.mag-inc.com/Media/Magnetics/Datasheets/00G1808E060.pdf,4.569999999999999,11.08
0059586A2,Edge 60,60.0,52.455510796423084,62.00520000000003,390.5706526759171,89.12470526592553,32.24,0.0,Magnetics,0.0,2000.0,Toroid,T,powder,https://www.mag-inc.com/Media/Magnetics/Datasheets/0059586A2.pdf,,
0059071A2HT15,Edge 60,60.0,98.63084016086414,106.5,291.34156375669136,81.41379318556905,44.2,0.0,Magnetics,0.0,2000.0,Toroid,T,powder,https://www.mag-inc.com/Media/Magnetics/Datasheets/0059071A2HT15.pdf,,
00G4317E060,Edge 60,60.0,152.63880303032744,155.52943261721555,164.16199999999998,76.82609347980576,50.0,0.0,Magnetics,0.0,2000.0,TwoPieceSet,E,powder,https://www.mag-inc.com/Media/Magnetics/Datasheets/00G4317E060.pdf,7.8999999999999995,20.78
EQG3626E060L100,Edge 60,60.0,250.4767046257922,189.79184356880947,105.60000000000001,57.13093318034379,45.23893421169302,0.0,Magnetics,0.0,2000.0,TwoPieceSet,EQ,powder,https://www.mag-inc.com/Media/Magnetics/Datasheets/EQG3626E060L100.pdf,8.8,12.0
0059439A2,Edge 60,60.0,163.02215556697396,231.13499999999996,419.0963139705124,106.90061342330787,62.33,0.0,Magnetics,0.0,2000.0,Toroid,T,powder,https://www.mag-inc.com/Media/Magnetics/Datasheets/0059439A2.pdf,,
00G7228E060,Edge 60,60.0,208.81331664270522,376.16934113606976,596.045,135.82706593076747,76.2,0.0,Magnetics,0.0,2000.0,TwoPieceSet,E,powder,https://www.mag-inc.com/Media/Magnetics/Datasheets/00G7228E060.pdf,16.79,35.5
00G8024E060,Edge 60,60.0,356.20265414576994,601.6412674795076,553.3693999999999,127.35077163596267,99.06,0.0,Magnetics,0.0,2000.0,TwoPieceSet,E,powder,https://www.mag-inc.com/Media/Magnetics/Datasheets/00G8024E060.pdf,19.735,28.04
00K1808E060,Kool Mµ 60,60.0,46.603357101361475,24.298018397212974,50.6356,39.311061266653965,19.12,0.0,Magnetics,0.0,2000.0,TwoPieceSet,E,powder,https://www.mag-inc.com/Media/Magnetics/Datasheets/00K1808E060.pdf,4.569999999999999,11.08
0077848A7HT14,Kool Mµ 60,60.0,93.6770836787052,63.07000000000001,110.66016648839394,50.7633861040744,37.01,0.0,Magnetics,0.0,2000.0,Toroid,T,powder,https://www.mag-inc.com/Media/Magnetics/Datasheets/0077848A7HT14.pdf,,
0077894A7HT19,Kool Mµ 60,60.0,153.8764110741145,129.105,151.74677915002098,63.260428294708085,51.589999999999996,0.0,Magnetics,0.0,2000.0,Toroid,T,powder,https://www.mag-inc.com/Media/Magnetics/Datasheets/0077894A7HT19.pdf,,
0077110A7,Kool Mµ 60,60.0,91.76743129590143,173.585,936.9891195518513,142.62141234355073,53.1,0.0,Magnetics,0.0,2000.0,Toroid,T,powder,https://www.mag-inc.com/Media/Magnetics/Datasheets/0077110A7.pdf,,
EQK4128E060L199,Kool Mµ 60,60.0,166.7102604621865,213.9311881497238,326.15999999999997,96.75488199010063,46.80973053848791,0.0,Magnetics,0.0,2000.0,TwoPieceSet,EQ,powder,https://www.mag-inc.com/Media/Magnetics/Datasheets/EQK4128E060L199.pdf,10.799999999999999,30.200000000000003
0077599A7,Kool Mµ 60,60.0,149.515683575762,282.9,844.9627601095109,142.66167247936184,68.6,0.0,Magnetics,0.0,2000.0,Toroid,T,powder,https://www.mag-inc.com/Media/Magnetics/Datasheets/0077599A7.pdf,,
00K8044E060,Kool Mµ 60,60.0,145.1595227827285,402.19732658356673,1356.5838999999999,208.90785126864216,79.24000000000001,0.0,Magnetics,0.0,2000.0,TwoPieceSet,E,powder,https://www.mag-inc.com/Media/Magnetics/Datasheets/00K8044E060.pdf,19.735,68.74
00K114LE060,Kool Mµ 60,60.0,433.3584074921723,1229.205051140827,1269.8400000000001,213.86426523579507,140.4,0.0,Magnetics,0.0,2000.0,TwoPieceSet,E,powder,https://www.mag-inc.com/Media/Magnetics/Datasheets/00K114LE060.pdf,22.2,57.2
00X1808E060,XFlux 60,60.0,46.603357101361475,24.298018397212974,50.6356,39.311061266653965,19.12,0.0,Magnetics,0.0,1000.0,TwoPieceSet,E,powder,https://www.mag-inc.com/Media/Magnetics/Datasheets/00X1808E060.pdf,4.569999999999999,11.08
LPX2314E060L087,XFlux 60,60.0,132.22092138563497,72.67396757518559,63.364,41.441914078126636,28.8712364864902,0.0,Magnetics,0.0,1000.0,TwoPieceSet,LP,powder,https://www.mag-inc.com/Media/Magnetics/Datasheets/LPX2314E060L087.pdf,5.11,12.4
00X4017E060,XFlux 60,60.0,102.0106482105926,131.7371976382019,275.23859999999996,97.36974393895639,45.32,0.0,Magnetics,0.0,1000.0,TwoPieceSet,E,powder,https://www.mag-inc.com/Media/Magnetics/Datasheets/00X4017E060.pdf,9.229999999999999,29.82
0078392A7,XFlux 60,60.0,140.57460028518776,175.94814999999997,348.6735091096639,94.37108797714293,55.45,0.0,Magnetics,0.0,1000.0,Toroid,T,powder,https://www.mag-inc.com/Media/Magnetics/Datasheets/0078392A7.pdf,,
LPX4225E060L123,XFlux 60,60.0,272.5148287414049,224.11711341246996,150.10000000000005,62.00775321846315,50.893800988154645,0.0,Magnetics,0.0,1000.0,TwoPieceSet,LP,powder,https://www.mag-inc.com/Media/Magnetics/Datasheets/LPX4225E060L123.pdf,9.500000000000002,15.8
EQX5032E060L250,XFlux 60,60.0,199.85785576775038,328.18401750692703,467.99999999999994,123.81045452105337,62.83185307179587,0.0,Magnetics,0.0,1000.0,TwoPieceSet,EQ,powder,https://www.mag-inc.com/Media/Magnetics/Datasheets/EQX5032E060L250.pdf,11.999999999999998,39.0
0078099A7,XFlux 60,60.0,131.8553189306447,422.88749999999993,2423.583616107255,241.81782409437898,83.04999999999998,0.0,Magnetics,0.0,1000.0,Toroid,T,powder,https://www.mag-inc.com/Media/Magnetics/Datasheets/0078099A7.pdf,,
00X114LE060,XFlux 60,60.0,433.3584074921723,1229.205051140827,1269.8400000000001,213.86426523579507,140.4,0.0,Magnetics,0.0,1000.0,TwoPieceSet,E,powder,https://www.mag-inc.com/Media/Magnetics/Datasheets/00X114LE060.pdf,22.2,57.2
00K1808E090,Kool Mµ 90,90.0,69.90503565204222,24.298018397212974,50.6356,39.311061266653965,19.12,0.0,Magnetics,0.0,2000.0,TwoPieceSet,E,powder,https://www.mag-inc.com/Media/Magnetics/Datasheets/00K1808E090.pdf,4.569999999999999,11.08
0077314A7,Kool Mµ 90,90.0,87.24591717017826,43.62799999999999,134.78217882063606,56.555202976947236,27.18,0.0,Magnetics,0.0,2000.0,Toroid,T,powder,https://www.mag-inc.com/Media/Magnetics/Datasheets/0077314A7.pdf,,
00K4110U090,Kool Mµ 90,90.0,113.41199648719363,84.87252950415862,121.3104,84.63705113973907,36.57000000000001,0.0,Magnetics,0.0,2000.0,TwoPieceSet,U,powder,,23.88,5.08
0077552A7HT19,Kool Mµ 90,90.0,187.39859630564186,134.9,291.34156375669136,81.41379318556905,52.199999999999996,0.0,Magnetics,0.0,2000.0,Toroid,T,powder,https://www.mag-inc.com/Media/Magnetics/Datasheets/0077552A7HT19.pdf,,
00K4020E090,Kool Mµ 90,90.0,206.89804332816303,178.115672244861,274.9725,97.36393647251953,53.8,0.0,Magnetics,0.0,2000.0,TwoPieceSet,E,powder,https://www.mag-inc.com/Media/Magnetics/Datasheets/00K4020E090.pdf,9.075,30.3
0077910A7,Kool Mµ 90,90.0,151.88567050676073,262.9125000000001,1809.5573684677208,195.7702996478908,64.95,0.0,Magnetics,0.0,2000.0,Toroid,T,powder,https://www.mag-inc.com/Media/Magnetics/Datasheets/0077910A7.pdf,,
0077068A7,Kool Mµ 90,90.0,267.5694306289125,371.9987499999999,933.1950966439273,157.2379451057476,77.57,0.0,Magnetics,0.0,2000.0,Toroid,T,powder,https://www.mag-inc.com/Media/Magnetics/Datasheets/0077068A7.pdf,,
0077739A7,Kool Mµ 90,90.0,339.19004360431416,549.9351999999999,1533.691054503164,183.36683816784216,102.46,0.0,Magnetics,0.0,2000.0,Toroid,T,powder,https://www.mag-inc.com/Media/Magnetics/Datasheets/0077739A7.pdf,,
C058121A2,High Flux 60,60.0,51.034307606727225,27.696799999999996,68.22156942829452,40.919327012000544,22.02,0.0,Magnetics,0.0,1000.0,Toroid,T,powder,https://www.mag-inc.com/Media/Magnetics/Datasheets/C058121A2.pdf,,
LPH2314E060L087,High Flux 60,60.0,132.22092138563497,72.67396757518559,63.364,41.441914078126636,28.8712364864902,0.0,Magnetics,0.0,1000.0,TwoPieceSet,LP,powder,https://www.mag-inc.com/Media/Magnetics/Datasheets/LPH2314E060L087.pdf,5.11,12.4
LPH2518E060L099,High Flux 60,60.0,179.6026980862449,106.704489487448,69.00000000000001,44.7951453537086,34.55751918948772,0.0,Magnetics,0.0,1000.0,TwoPieceSet,LP,powder,https://www.mag-inc.com/Media/Magnetics/Datasheets/LPH2518E060L099.pdf,5.000000000000001,13.799999999999999
C058090A2,High Flux 60,60.0,104.1115477021347,159.975,601.758249787449,115.85487969789672,52.15,0.0,Magnetics,0.0,1000.0,Toroid,T,powder,https://www.mag-inc.com/Media/Magnetics/Datasheets/C058090A2.pdf,,
C058083A2HT22,High Flux 60,60.0,146.80931882568316,191.07750000000001,419.82233603275705,98.13344412760067,61.25,0.0,Magnetics,0.0,1000.0,Toroid,T,powder,https://www.mag-inc.com/Media/Magnetics/Datasheets/C058083A2HT22.pdf,,
C058439A2,High Flux 60,60.0,163.02215556697396,231.13499999999996,419.0963139705124,106.90061342330787,62.33,0.0,Magnetics,0.0,1000.0,Toroid,T,powder,https://www.mag-inc.com/Media/Magnetics/Datasheets/C058439A2.pdf,,
C058192A2HT22,High Flux 60,60.0,216.40413662020342,357.16999999999996,505.5112391548271,124.4430165456912,76.47,0.0,Magnetics,0.0,1000.0,Toroid,T,powder,https://www.mag-inc.com/Media/Magnetics/Datasheets/C058192A2HT22.pdf,,
0058167A2,High Flux 60,60.0,198.85019248802132,1085.6625,7980.147994942649,411.65172132081966,131.8,0.0,Magnetics,0.0,1000.0,Toroid,T,powder,https://www.mag-inc.com/Media/Magnetics/Datasheets/0058167A2.pdf,,
0077123A7,Kool Mµ 14,14.0,11.908005108236356,27.696799999999996,68.22156942829452,40.919327012000544,22.02,0.0,Magnetics,0.0,2000.0,Toroid,T,powder,https://www.mag-inc.com/Media/Magnetics/Datasheets/0077123A7.pdf,,
0077353A7,Kool Mµ 14,14.0,15.611762075931406,51.68100000000001,143.13881527918494,58.23939893439163,30.020000000000003,0.0,Magnetics,0.0,2000.0,Toroid,T,powder,https://www.mag-inc.com/Media/Magnetics/Datasheets/0077353A7.pdf,,
0077718A7,Kool Mµ 14,14.0,20.7058421812423,149.472,741.6773252957862,127.00032893322863,49.56,0.0,Magnetics,0.0,2000.0,Toroid,T,powder,https://www.mag-inc.com/Media/Magnetics/Datasheets/0077718A7.pdf,,
0077533A7,Kool Mµ 14,14.0,28.691823200010617,205.01999999999998,611.3617843702078,125.71178204865524,57.39999999999999,0.0,Magnetics,0.0,2000.0,Toroid,T,powder,https://www.mag-inc.com/Media/Magnetics/Datasheets/0077533A7.pdf,,
0077190A7,Kool Mµ 14,14.0,37.18216529201678,263.007,505.5112391548271,124.4430165456912,64.86999999999999,0.0,Magnetics,0.0,2000.0,Toroid,T,powder,https://www.mag-inc.com/Media/Magnetics/Datasheets/0077190A7.pdf,,
0077614A7,Kool Mµ 14,14.0,49.74645088130958,404.4550999999999,778.8166053279941,143.0362494368053,83.03999999999999,0.0,Magnetics,0.0,2000.0,Toroid,T,powder,https://www.mag-inc.com/Media/Magnetics/Datasheets/0077614A7.pdf,,
0077734A7,Kool Mµ 14,14.0,52.76289567178221,549.9351999999999,1533.691054503164,183.36683816784216,102.46,0.0,Magnetics,0.0,2000.0,Toroid,T,powder,https://www.mag-inc.com/Media/Magnetics/Datasheets/0077734A7.pdf,,
00K114LE014,Kool Mµ 14,14.0,101.11696174817357,1229.205051140827,1269.8400000000001,213.86426523579507,140.4,0.0,Magnetics,0.0,2000.0,TwoPieceSet,E,powder,https://www.mag-inc.com/Media/Magnetics/Datasheets/00K114LE014.pdf,22.2,57.2
0058113A2,High Flux 40,40.0,34.02287173781816,27.696799999999996,68.22156942829452,40.919327012000544,22.02,0.0,Magnetics,0.0,1000.0,Toroid,T,powder,https://www.mag-inc.com/Media/Magnetics/Datasheets/0058113A2.pdf,,
0058591A2,High Flux 40,40.0,34.970340530948725,62.00520000000003,390.5706526759171,89.12470526592553,32.24,0.0,Magnetics,0.0,1000.0,Toroid,T,powder,https://www.mag-inc.com/Media/Magnetics/Datasheets/0058591A2.pdf,,
0058260A2,High Flux 40,40.0,68.92955685117128,134.51899999999998,419.0963139705124,98.09525468575573,48.27,0.0,Magnetics,0.0,1000.0,Toroid,T,powder,https://www.mag-inc.com/Media/Magnetics/Datasheets/0058260A2.pdf,,
0058212A2,High Flux 40,40.0,61.178287530600976,173.585,936.9891195518513,142.62141234355073,53.1,0.0,Magnetics,0.0,1000.0,Toroid,T,powder,https://www.mag-inc.com/Media/Magnetics/Datasheets/0058212A2.pdf,,
0058536A2,High Flux 40,40.0,81.97663771431606,205.01999999999998,611.3617843702078,125.71178204865524,57.39999999999999,0.0,Magnetics,0.0,1000.0,Toroid,T,powder,https://www.mag-inc.com/Media/Magnetics/Datasheets/0058536A2.pdf,,
0058431A2,High Flux 40,40.0,108.6814370446493,231.13499999999996,419.0963139705124,106.90061342330787,62.33,0.0,Magnetics,0.0,1000.0,Toroid,T,powder,https://www.mag-inc.com/Media/Magnetics/Datasheets/0058431A2.pdf,,
0058073A2,High Flux 40,40.0,118.91974694618337,371.9987499999999,933.1950966439273,157.2379451057476,77.57,0.0,Magnetics,0.0,1000.0,Toroid,T,powder,https://www.mag-inc.com/Media/Magnetics/Datasheets/0058073A2.pdf,,
0058172A2,High Flux 40,40.0,143.01865897109423,1096.7696,5902.389798585129,385.47175232423496,134.94,0.0,Magnetics,0.0,1000.0,Toroid,T,powder,,,
0058122A2,High Flux 26,26.0,22.1148666295818,27.696799999999996,68.22156942829452,40.919327012000544,22.02,0.0,Magnetics,0.0,1000.0,Toroid,T,powder,https://www.mag-inc.com/Media/Magnetics/Datasheets/0058122A2.pdf,,
0058550A2,High Flux 26,26.0,27.985334733901755,69.78180000000002,306.0442173754916,81.46946678020163,34.42000000000001,0.0,Magnetics,0.0,1000.0,Toroid,T,powder,,,
0058717A2,High Flux 26,26.0,38.45370690802141,149.472,741.6773252957862,127.00032893322863,49.56,0.0,Magnetics,0.0,1000.0,Toroid,T,powder,https://www.mag-inc.com/Media/Magnetics/Datasheets/0058717A2.pdf,,
0058390A2,High Flux 26,26.0,60.91566012358136,175.94814999999997,348.6735091096639,94.37108797714293,55.45,0.0,Magnetics,0.0,1000.0,Toroid,T,powder,https://www.mag-inc.com/Media/Magnetics/Datasheets/0058390A2.pdf,,
0058868A2,High Flux 26,26.0,35.66697941594758,213.71250000000003,1809.5573684677208,195.7702996478908,58.550000000000004,0.0,Magnetics,0.0,1000.0,Toroid,T,powder,https://www.mag-inc.com/Media/Magnetics/Datasheets/0058868A2.pdf,,
0058908A2,High Flux 26,26.0,43.878082590842,262.9125000000001,1809.5573684677208,195.7702996478908,64.95,0.0,Magnetics,0.0,1000.0,Toroid,T,powder,https://www.mag-inc.com/Media/Magnetics/Datasheets/0058908A2.pdf,,
0058615A2,High Flux 26,26.0,92.38626592243207,404.4550999999999,778.8166053279941,143.0362494368053,83.03999999999999,0.0,Magnetics,0.0,1000.0,Toroid,T,powder,https://www.mag-inc.com/Media/Magnetics/Datasheets/0058615A2.pdf,,
0058171A2,High Flux 26,26.0,92.96212833121125,1096.7696,5902.389798585129,385.47175232423496,134.94,0.0,Magnetics,0.0,1000.0,Toroid,T,powder,https://www.mag-inc.com/Media/Magnetics/Datasheets/0058171A2.pdf,,
0059225A2,Edge 75,75.0,63.79288450840905,27.696799999999996,68.22156942829452,40.919327012000544,22.02,0.0,Magnetics,0.0,2000.0,Toroid,T,powder,https://www.mag-inc.com/Media/Magnetics/Datasheets/0059225A2.pdf,,
LPG2314E075L087,Edge 75,75.0,165.2761517320437,72.67396757518559,63.364,41.441914078126636,28.8712364864902,0.0,Magnetics,0.0,2000.0,TwoPieceSet,LP,powder,,5.11,12.4
0059259A2,Edge 75,75.0,129.24291909594615,134.51899999999998,419.0963139705124,98.09525468575573,48.27,0.0,Magnetics,0.0,2000.0,Toroid,T,powder,https://www.mag-inc.com/Media/Magnetics/Datasheets/0059259A2.pdf,,
LPG3222E075L152,Edge 75,75.0,225.44626383333554,161.80677829299236,155.25,67.64330142486925,42.411500823462205,0.0,Magnetics,0.0,2000.0,TwoPieceSet,LP,powder,https://www.mag-inc.com/Media/Magnetics/Datasheets/LPG3222E075L152.pdf,6.75,23.0
EQG3626E075L100,Edge 75,75.0,313.0958807822402,189.79184356880947,105.60000000000001,57.13093318034379,45.23893421169302,0.0,Magnetics,0.0,2000.0,TwoPieceSet,EQ,powder,,8.8,12.0
LPG4225E075L107,Edge 75,75.0,377.5154667074291,223.32690997019134,119.70000000000002,55.7541802854131,50.893800988154645,0.0,Magnetics,0.0,2000.0,TwoPieceSet,LP,powder,,9.500000000000002,12.6
0059729A2,Edge 75,75.0,247.33141284638916,296.97045,444.88093567485066,113.16316516163977,70.69,0.0,Magnetics,0.0,2000.0,Toroid,T,powder,https://www.mag-inc.com/Media/Magnetics/Datasheets/0059729A2.pdf,,
0059738A2,Edge 75,75.0,282.65836967026183,549.9351999999999,1533.691054503164,183.36683816784216,102.46,0.0,Magnetics,0.0,2000.0,Toroid,T,powder,https://www.mag-inc.com/Media/Magnetics/Datasheets/0059738A2.pdf,,
C058355A2,High Flux 75,75.0,83.63443969248966,51.68100000000001,143.13881527918494,58.23939893439163,30.020000000000003,0.0,Magnetics,0.0,1000.0,Toroid,T,powder,,,
LPH2518E075L099,High Flux 75,75.0,224.50337260780614,106.704489487448,69.00000000000001,44.7951453537086,34.55751918948772,0.0,Magnetics,0.0,1000.0,TwoPieceSet,LP,powder,,5.000000000000001,13.799999999999999
EQH3222E075L152,High Flux 75,75.0,194.65071608729113,154.64986943925612,162.14999999999998,74.87980062058077,42.411500823462205,0.0,Magnetics,0.0,1000.0,TwoPieceSet,EQ,powder,,7.05,23.0
EQH3626E075L174,High Flux 75,75.0,202.70974941369067,185.63738350619496,235.84000000000003,86.31016149072873,45.23893421169302,0.0,Magnetics,0.0,1000.0,TwoPieceSet,EQ,powder,,8.8,26.8
EQH3626E075L100,High Flux 75,75.0,313.0958807822402,189.79184356880947,105.60000000000001,57.13093318034379,45.23893421169302,0.0,Magnetics,0.0,1000.0,TwoPieceSet,EQ,powder,,8.8,12.0
EQH4128E075L120,High Flux 75,75.0,304.255091177599,217.7445524046065,161.99999999999997,67.44978533104076,46.80973053848791,0.0,Magnetics,0.0,1000.0,TwoPieceSet,EQ,powder,,10.799999999999999,15.0
LPH4225E075L158,High Flux 75,75.0,280.6761971786121,225.41428729418996,216.60000000000002,75.6914775206562,50.893800988154645,0.0,Magnetics,0.0,1000.0,TwoPieceSet,LP,powder,,9.500000000000002,22.8
EQH5032E075L200,High Flux 75,75.0,299.35798926760106,329.8035730425377,347.99999999999994,103.83305467139948,62.83185307179587,0.0,Magnetics,0.0,1000.0,TwoPieceSet,EQ,powder,,11.999999999999998,29.0
0077225A7,Kool Mµ 75,75.0,63.79288450840905,27.696799999999996,68.22156942829452,40.919327012000544,22.02,0.0,Magnetics,0.0,2000.0,Toroid,T,powder,https://www.mag-inc.com/Media/Magnetics/Datasheets/0077225A7.pdf,,
LPK2314E075L087,Kool Mµ 75,75.0,165.2761517320437,72.67396757518559,63.364,41.441914078126636,28.8712364864902,0.0,Magnetics,0.0,2000.0,TwoPieceSet,LP,powder,,5.11,12.4
LPK3020E075L118,Kool Mµ 75,75.0,219.63221860068322,127.86566118359904,115.60000000000002,54.8692479245684,37.69911184307752,0.0,Magnetics,0.0,2000.0,TwoPieceSet,LP,powder,,6.800000000000001,17.0
0077094A7,Kool Mµ 75,75.0,130.13943462766838,159.975,601.758249787449,115.85487969789672,52.15,0.0,Magnetics,0.0,2000.0,Toroid,T,powder,https://www.mag-inc.com/Media/Magnetics/Datasheets/0077094A7.pdf,,
LPK3624E075L144,Kool Mµ 75,75.0,276.97459535537854,195.61746661680817,160.16,66.56390943530741,47.12388980384689,0.0,Magnetics,0.0,2000.0,TwoPieceSet,LP,powder,,7.7,20.8
LPK4225E075L158,Kool Mµ 75,75.0,280.6761971786121,225.41428729418996,216.60000000000002,75.6914775206562,50.893800988154645,0.0,Magnetics,0.0,2000.0,TwoPieceSet,LP,powder,,9.500000000000002,22.8
0077729A7,Kool Mµ 75,75.0,247.33141284638916,296.97045,444.88093567485066,113.16316516163977,70.69,0.0,Magnetics,0.0,2000.0,Toroid,T,powder,https://www.mag-inc.com/Media/Magnetics/Datasheets/0077729A7.pdf,,
0077738A7,Kool Mµ 75,75.0,282.65836967026183,549.9351999999999,1533.691054503164,183.36683816784216,102.46,0.0,Magnetics,0.0,2000.0,Toroid,T,powder,https://www.mag-inc.com/Media/Magnetics/Datasheets/0077738A7.pdf,,
0078225A7,XFlux 75,75.0,63.79288450840905,27.696799999999996,68.22156942829452,40.919327012000544,22.02,0.0,Magnetics,0.0,1000.0,Toroid,T,powder,https://www.mag-inc.com/Media/Magnetics/Datasheets/0078225A7.pdf,,
LPX2314E075L087,XFlux 75,75.0,165.2761517320437,72.67396757518559,63.364,41.441914078126636,28.8712364864902,0.0,Magnetics,0.0,1000.0,TwoPieceSet,LP,powder,https://www.mag-inc.com/Media/Magnetics/Datasheets/LPX2314E075L087.pdf,5.11,12.4
0078259A7,XFlux 75,75.0,129.24291909594615,134.51899999999998,419.0963139705124,98.09525468575573,48.27,0.0,Magnetics,0.0,1000.0,Toroid,T,powder,https://www.mag-inc.com/Media/Magnetics/Datasheets/0078259A7.pdf,,
0078214A7,XFlux 75,75.0,114.70928911987683,173.585,936.9891195518513,142.62141234355073,53.1,0.0,Magnetics,0.0,1000.0,Toroid,T,powder,https://www.mag-inc.com/Media/Magnetics/Datasheets/0078214A7.pdf,,
0078538A7,XFlux 75,75.0,153.70619571434258,205.01999999999998,611.3617843702078,125.71178204865524,57.39999999999999,0.0,Magnetics,0.0,1000.0,Toroid,T,powder,https://www.mag-inc.com/Media/Magnetics/Datasheets/0078538A7.pdf,,
LPX4225E075L158,XFlux 75,75.0,280.6761971786121,225.41428729418996,216.60000000000002,75.6914775206562,50.893800988154645,0.0,Magnetics,0.0,1000.0,TwoPieceSet,LP,powder,https://www.mag-inc.com/Media/Magnetics/Datasheets/LPX4225E075L158.pdf,9.500000000000002,22.8
EQX5032E075L250,XFlux 75,75.0,249.82231970968803,328.18401750692703,467.99999999999994,123.81045452105337,62.83185307179587,0.0,Magnetics,0.0,1000.0,TwoPieceSet,EQ,powder,https://www.mag-inc.com/Media/Magnetics/Datasheets/EQX5032E075L250.pdf,11.999999999999998,39.0
0078738A7,XFlux 75,75.0,282.65836967026183,549.9351999999999,1533.691054503164,183.36683816784216,102.46,0.0,Magnetics,0.0,1000.0,Toroid,T,powder,https://www.mag-inc.com/Media/Magnetics/Datasheets/0078738A7.pdf,,
0079225A7,Kool Mµ MAX 75,75.0,63.79288450840905,27.696799999999996,68.22156942829452,40.919327012000544,22.02,0.0,Magnetics,0.0,2000.0,Toroid,T,powder,https://www.mag-inc.com/Media/Magnetics/Datasheets/0079225A7.pdf,,
0079315A7,Kool Mµ MAX 75,75.0,72.70493097514854,43.62799999999999,134.78217882063606,56.555202976947236,27.18,0.0,Magnetics,0.0,2000.0,Toroid,T,powder,https://www.mag-inc.com/Media/Magnetics/Datasheets/0079315A7.pdf,,
LPY2314E075L087,Kool Mµ MAX 75,75.0,165.2761517320437,72.67396757518559,63.364,41.441914078126636,28.8712364864902,0.0,Magnetics,0.0,2000.0,TwoPieceSet,LP,powder,,5.11,12.4
0079259A7,Kool Mµ MAX 75,75.0,129.24291909594615,134.51899999999998,419.0963139705124,98.09525468575573,48.27,0.0,Magnetics,0.0,2000.0,Toroid,T,powder,https://www.mag-inc.com/Media/Magnetics/Datasheets/0079259A7.pdf,,
EQY3626E075L110,Kool Mµ MAX 75,75.0,291.6349881047997,188.96964924099507,123.20000000000002,61.06938666703617,45.23893421169302,0.0,Magnetics,0.0,2000.0,TwoPieceSet,EQ,powder,,8.8,14.0
EQY4128E075L199,Kool Mµ MAX 75,75.0,208.3878255777331,213.9311881497238,326.15999999999997,96.75488199010063,46.80973053848791,0.0,Magnetics,0.0,2000.0,TwoPieceSet,EQ,powder,,10.799999999999999,30.200000000000003
LPY4225E075L158,Kool Mµ MAX 75,75.0,280.6761971786121,225.41428729418996,216.60000000000002,75.6914775206562,50.893800988154645,0.0,Magnetics,0.0,2000.0,TwoPieceSet,LP,powder,,9.500000000000002,22.8
EQY5032E075L200,Kool Mµ MAX 75,75.0,299.35798926760106,329.8035730425377,347.99999999999994,103.83305467139948,62.83185307179587,0.0,Magnetics,0.0,2000.0,TwoPieceSet,EQ,powder,,11.999999999999998,29.0
C055050A9,MPP 125,125.0,108.814701383993,21.29235,32.2705182774907,30.73660520447959,19.009999999999998,0.0,Magnetics,0.0,5000.0,Toroid,T,powder,https://www.mag-inc.com/Media/Magnetics/Datasheets/C055050A9.pdf,,
C055206A2,MPP 125,125.0,100.45721754353565,32.396,109.35884027146069,50.65591009505523,23.34,0.0,Magnetics,0.0,5000.0,Toroid,T,powder,https://www.mag-inc.com/Media/Magnetics/Datasheets/C055206A2.pdf,,
C055548A2,MPP 125,125.0,134.54487852837383,69.78180000000002,306.0442173754916,81.46946678020163,34.42000000000001,0.0,Magnetics,0.0,5000.0,Toroid,T,powder,,,
C055548A2HT19,MPP 125,125.0,260.2758282022804,134.9,291.34156375669136,81.41379318556905,52.199999999999996,0.0,Magnetics,0.0,5000.0,Toroid,T,powder,https://www.mag-inc.com/Media/Magnetics/Datasheets/C055548A2HT19.pdf,,
0055395A2,MPP 125,125.0,292.8637505941412,175.94814999999997,348.6735091096639,94.37108797714293,55.45,0.0,Magnetics,0.0,5000.0,Toroid,T,powder,https://www.mag-inc.com/Media/Magnetics/Datasheets/0055395A2.pdf,,
C055195A2,MPP 125,125.0,331.9836186787212,263.007,505.5112391548271,124.4430165456912,64.86999999999999,0.0,Magnetics,0.0,5000.0,Toroid,T,powder,https://www.mag-inc.com/Media/Magnetics/Datasheets/C055195A2.pdf,,
0055620A2,MPP 125,125.0,444.1647400116927,404.4550999999999,778.8166053279941,143.0362494368053,83.03999999999999,0.0,Magnetics,0.0,5000.0,Toroid,T,powder,https://www.mag-inc.com/Media/Magnetics/Datasheets/0055620A2.pdf,,
0055340A2,MPP 125,125.0,369.5518229427298,761.2540000000001,4655.4162761516545,323.57437109523715,110.41000000000001,0.0,Magnetics,0.0,5000.0,Toroid,T,powder,https://www.mag-inc.com/Media/Magnetics/Datasheets/0055340A2.pdf,,
0055123A2,MPP 14,14.0,11.908005108236356,27.696799999999996,68.22156942829452,40.919327012000544,22.02,0.0,Magnetics,0.0,5000.0,Toroid,T,powder,https://www.mag-inc.com/Media/Magnetics/Datasheets/0055123A2.pdf,,
0055353A2,MPP 14,14.0,15.611762075931406,51.68100000000001,143.13881527918494,58.23939893439163,30.020000000000003,0.0,Magnetics,0.0,5000.0,Toroid,T,powder,https://www.mag-inc.com/Media/Magnetics/Datasheets/0055353A2.pdf,,
0055933A2,MPP 14,14.0,22.797648598041736,82.14,151.74677915002098,63.387342293405496,37.69,0.0,Magnetics,0.0,5000.0,Toroid,T,powder,https://www.mag-inc.com/Media/Magnetics/Datasheets/0055933A2.pdf,,
0055092A2,MPP 14,14.0,24.292694463831435,159.975,601.758249787449,115.85487969789672,52.15,0.0,Magnetics,0.0,5000.0,Toroid,T,powder,https://www.mag-inc.com/Media/Magnetics/Datasheets/0055092A2.pdf,,
0055441A2,MPP 14,14.0,38.03850296562725,231.13499999999996,419.0963139705124,106.90061342330787,62.33,0.0,Magnetics,0.0,5000.0,Toroid,T,powder,https://www.mag-inc.com/Media/Magnetics/Datasheets/0055441A2.pdf,,
0055728A2,MPP 14,14.0,46.168530397992654,296.97045,444.88093567485066,113.16316516163977,70.69,0.0,Magnetics,0.0,5000.0,Toroid,T,powder,https://www.mag-inc.com/Media/Magnetics/Datasheets/0055728A2.pdf,,
0055774A2,MPP 14,14.0,54.31418124751941,545.1892499999999,1141.8879550292438,176.59237455758162,94.30999999999999,0.0,Magnetics,0.0,5000.0,Toroid,T,powder,https://www.mag-inc.com/Media/Magnetics/Datasheets/0055774A2.pdf,,
0055169A2,MPP 14,14.0,50.05653063988298,1096.7696,5902.389798585129,385.47175232423496,134.94,0.0,Magnetics,0.0,5000.0,Toroid,T,powder,,,
0058123A2,High Flux 14,14.0,11.908005108236356,27.696799999999996,68.22156942829452,40.919327012000544,22.02,0.0,Magnetics,0.0,1000.0,Toroid,T,powder,https://www.mag-inc.com/Media/Magnetics/Datasheets/0058123A2.pdf,,
0058353A2,High Flux 14,14.0,15.611762075931406,51.68100000000001,143.13881527918494,58.23939893439163,30.020000000000003,0.0,Magnetics,0.0,1000.0,Toroid,T,powder,https://www.mag-inc.com/Media/Magnetics/Datasheets/0058353A2.pdf,,
0058257A2,High Flux 14,14.0,24.125344897909947,134.51899999999998,419.0963139705124,98.09525468575573,48.27,0.0,Magnetics,0.0,1000.0,Toroid,T,powder,https://www.mag-inc.com/Media/Magnetics/Datasheets/0058257A2.pdf,,
0058388A2,High Flux 14,14.0,32.80074006654382,175.94814999999997,348.6735091096639,94.37108797714293,55.45,0.0,Magnetics,0.0,1000.0,Toroid,T,powder,https://www.mag-inc.com/Media/Magnetics/Datasheets/0058388A2.pdf,,
0058441A2,High Flux 14,14.0,38.03850296562725,231.13499999999996,419.0963139705124,106.90061342330787,62.33,0.0,Magnetics,0.0,1000.0,Toroid,T,powder,https://www.mag-inc.com/Media/Magnetics/Datasheets/0058441A2.pdf,,
0058728A2,High Flux 14,14.0,46.168530397992654,296.97045,444.88093567485066,113.16316516163977,70.69,0.0,Magnetics,0.0,1000.0,Toroid,T,powder,https://www.mag-inc.com/Media/Magnetics/Datasheets/0058728A2.pdf,,
0058774A2,High Flux 14,14.0,54.31418124751941,545.1892499999999,1141.8879550292438,176.59237455758162,94.30999999999999,0.0,Magnetics,0.0,1000.0,Toroid,T,powder,https://www.mag-inc.com/Media/Magnetics/Datasheets/0058774A2.pdf,,
0058169A2,High Flux 14,14.0,50.05653063988298,1096.7696,5902.389798585129,385.47175232423496,134.94,0.0,Magnetics,0.0,1000.0,Toroid,T,powder,,,
0059123A2,Edge 14,14.0,11.908005108236356,27.696799999999996,68.22156942829452,40.919327012000544,22.02,0.0,Magnetics,0.0,2000.0,Toroid,T,powder,https://www.mag-inc.com/Media/Magnetics/Datasheets/0059123A2.pdf,,
0059313A2,Edge 14,14.0,13.571587115361064,43.62799999999999,134.78217882063606,56.555202976947236,27.18,0.0,Magnetics,0.0,2000.0,Toroid,T,powder,https://www.mag-inc.com/Media/Magnetics/Datasheets/0059313A2.pdf,,
0059327A2,Edge 14,14.0,17.077080695014022,86.69700000000002,356.32729275178826,89.31580951419075,38.010000000000005,0.0,Magnetics,0.0,2000.0,Toroid,T,powder,https://www.mag-inc.com/Media/Magnetics/Datasheets/0059327A2.pdf,,
0059092A2,Edge 14,14.0,24.292694463831435,159.975,601.758249787449,115.85487969789672,52.15,0.0,Magnetics,0.0,2000.0,Toroid,T,powder,https://www.mag-inc.com/Media/Magnetics/Datasheets/0059092A2.pdf,,
0059869A2,Edge 14,14.0,19.205296608587158,213.71250000000003,1809.5573684677208,195.7702996478908,58.550000000000004,0.0,Magnetics,0.0,2000.0,Toroid,T,powder,https://www.mag-inc.com/Media/Magnetics/Datasheets/0059869A2.pdf,,
0059190A2,Edge 14,14.0,37.18216529201678,263.007,505.5112391548271,124.4430165456912,64.86999999999999,0.0,Magnetics,0.0,2000.0,Toroid,T,powder,https://www.mag-inc.com/Media/Magnetics/Datasheets/0059190A2.pdf,,
0059101A2,Edge 14,14.0,30.766241083817107,422.88749999999993,2423.583616107255,241.81782409437898,83.04999999999998,0.0,Magnetics,0.0,2000.0,Toroid,T,powder,https://www.mag-inc.com/Media/Magnetics/Datasheets/0059101A2.pdf,,
0059336A2,Edge 14,14.0,41.38980416958575,761.2540000000001,4655.4162761516545,323.57437109523715,110.41000000000001,0.0,Magnetics,0.0,2000.0,Toroid,T,powder,https://www.mag-inc.com/Media/Magnetics/Datasheets/0059336A2.pdf,,
0079123A7,Kool Mµ MAX 14,14.0,11.908005108236356,27.696799999999996,68.22156942829452,40.919327012000544,22.02,0.0,Magnetics,0.0,2000.0,Toroid,T,powder,https://www.mag-inc.com/Media/Magnetics/Datasheets/0079123A7.pdf,,
0079353A7,Kool Mµ MAX 14,14.0,15.611762075931406,51.68100000000001,143.13881527918494,58.23939893439163,30.020000000000003,0.0,Magnetics,0.0,2000.0,Toroid,T,powder,https://www.mag-inc.com/Media/Magnetics/Datasheets/0079353A7.pdf,,
0079257A7,Kool Mµ MAX 14,14.0,24.125344897909947,134.51899999999998,419.0963139705124,98.09525468575573,48.27,0.0,Magnetics,0.0,2000.0,Toroid,T,powder,https://www.mag-inc.com/Media/Magnetics/Datasheets/0079257A7.pdf,,
0079388A7,Kool Mµ MAX 14,14.0,32.80074006654382,175.94814999999997,348.6735091096639,94.37108797714293,55.45,0.0,Magnetics,0.0,2000.0,Toroid,T,powder,https://www.mag-inc.com/Media/Magnetics/Datasheets/0079388A7.pdf,,
0079441A7,Kool Mµ MAX 14,14.0,38.03850296562725,231.13499999999996,419.0963139705124,106.90061342330787,62.33,0.0,Magnetics,0.0,2000.0,Toroid,T,powder,https://www.mag-inc.com/Media/Magnetics/Datasheets/0079441A7.pdf,,
0079728A7,Kool Mµ MAX 14,14.0,46.168530397992654,296.97045,444.88093567485066,113.16316516163977,70.69,0.0,Magnetics,0.0,2000.0,Toroid,T,powder,https://www.mag-inc.com/Media/Magnetics/Datasheets/0079728A7.pdf,,
0079774A7,Kool Mµ MAX 14,14.0,54.31418124751941,545.1892499999999,1141.8879550292438,176.59237455758162,94.30999999999999,0.0,Magnetics,0.0,2000.0,Toroid,T,powder,https://www.mag-inc.com/Media/Magnetics/Datasheets/0079774A7.pdf,,
0079169A7,Kool Mµ MAX 14,14.0,50.05653063988298,1096.7696,5902.389798585129,385.47175232423496,134.94,0.0,Magnetics,0.0,2000.0,Toroid,T,powder,https://www.mag-inc.com/Media/Magnetics/Datasheets/0079169A7.pdf,,
0055226A2,MPP 19,19.0,16.16086407546362,27.696799999999996,68.22156942829452,40.919327012000544,22.02,0.0,Magnetics,0.0,5000.0,Toroid,T,powder,https://www.mag-inc.com/Media/Magnetics/Datasheets/0055226A2.pdf,,
0055357A2,MPP 19,19.0,21.18739138876405,51.68100000000001,143.13881527918494,58.23939893439163,30.020000000000003,0.0,Magnetics,0.0,5000.0,Toroid,T,powder,https://www.mag-inc.com/Media/Magnetics/Datasheets/0055357A2.pdf,,
0055262A2,MPP 19,19.0,32.74153950430635,134.51899999999998,419.0963139705124,98.09525468575573,48.27,0.0,Magnetics,0.0,5000.0,Toroid,T,powder,https://www.mag-inc.com/Media/Magnetics/Datasheets/0055262A2.pdf,,
0055389A2,MPP 19,19.0,44.51529009030946,175.94814999999997,348.6735091096639,94.37108797714293,55.45,0.0,Magnetics,0.0,5000.0,Toroid,T,powder,https://www.mag-inc.com/Media/Magnetics/Datasheets/0055389A2.pdf,,
0055430A2,MPP 19,19.0,51.623682596208425,231.13499999999996,419.0963139705124,106.90061342330787,62.33,0.0,Magnetics,0.0,5000.0,Toroid,T,powder,https://www.mag-inc.com/Media/Magnetics/Datasheets/0055430A2.pdf,,
0055750A2,MPP 19,19.0,62.6572912544186,296.97045,444.88093567485066,113.16316516163977,70.69,0.0,Magnetics,0.0,5000.0,Toroid,T,powder,https://www.mag-inc.com/Media/Magnetics/Datasheets/0055750A2.pdf,,
0055772A2,MPP 19,19.0,73.71210312163348,545.1892499999999,1141.8879550292438,176.59237455758162,94.30999999999999,0.0,Magnetics,0.0,5000.0,Toroid,T,powder,https://www.mag-inc.com/Media/Magnetics/Datasheets/0055772A2.pdf,,
0055170A2,MPP 19,19.0,67.93386301126976,1096.7696,5902.389798585129,385.47175232423496,134.94,0.0,Magnetics,0.0,5000.0,Toroid,T,powder,https://www.mag-inc.com/Media/Magnetics/Datasheets/0055170A2.pdf,,
0059226A2,Edge 19,19.0,16.16086407546362,27.696799999999996,68.22156942829452,40.919327012000544,22.02,0.0,Magnetics,0.0,2000.0,Toroid,T,powder,https://www.mag-inc.com/Media/Magnetics/Datasheets/0059226A2.pdf,,
0059303A2,Edge 19,19.0,18.418582513704298,43.62799999999999,134.78217882063606,56.555202976947236,27.18,0.0,Magnetics,0.0,2000.0,Toroid,T,powder,https://www.mag-inc.com/Media/Magnetics/Datasheets/0059303A2.pdf,,
0059317A2,Edge 19,19.0,23.176038086090454,86.69700000000002,356.32729275178826,89.31580951419075,38.010000000000005,0.0,Magnetics,0.0,2000.0,Toroid,T,powder,https://www.mag-inc.com/Media/Magnetics/Datasheets/0059317A2.pdf,,
0059079A2,Edge 19,19.0,32.96865677234266,159.975,601.758249787449,115.85487969789672,52.15,0.0,Magnetics,0.0,2000.0,Toroid,T,powder,https://www.mag-inc.com/Media/Magnetics/Datasheets/0059079A2.pdf,,
0059430A2,Edge 19,19.0,51.623682596208425,231.13499999999996,419.0963139705124,106.90061342330787,62.33,0.0,Magnetics,0.0,2000.0,Toroid,T,powder,https://www.mag-inc.com/Media/Magnetics/Datasheets/0059430A2.pdf,,
0059602A2,Edge 19,19.0,47.346633132324634,282.9,844.9627601095109,142.66167247936184,68.6,0.0,Magnetics,0.0,2000.0,Toroid,T,powder,https://www.mag-inc.com/Media/Magnetics/Datasheets/0059602A2.pdf,,
0059097A2,Edge 19,19.0,41.754184328037496,422.88749999999993,2423.583616107255,241.81782409437898,83.04999999999998,0.0,Magnetics,0.0,2000.0,Toroid,T,powder,https://www.mag-inc.com/Media/Magnetics/Datasheets/0059097A2.pdf,,
0059342A2,Edge 19,19.0,56.17187708729494,761.2540000000001,4655.4162761516545,323.57437109523715,110.41000000000001,0.0,Magnetics,0.0,2000.0,Toroid,T,powder,https://www.mag-inc.com/Media/Magnetics/Datasheets/0059342A2.pdf,,
0078226A7,XFlux 19,19.0,16.16086407546362,27.696799999999996,68.22156942829452,40.919327012000544,22.02,0.0,Magnetics,0.0,1000.0,Toroid,T,powder,https://www.mag-inc.com/Media/Magnetics/Datasheets/0078226A7.pdf,,
0078357A7,XFlux 19,19.0,21.18739138876405,51.68100000000001,143.13881527918494,58.23939893439163,30.020000000000003,0.0,Magnetics,0.0,1000.0,Toroid,T,powder,https://www.mag-inc.com/Media/Magnetics/Datasheets/0078357A7.pdf,,
0078262A7,XFlux 19,19.0,32.74153950430635,134.51899999999998,419.0963139705124,98.09525468575573,48.27,0.0,Magnetics,0.0,1000.0,Toroid,T,powder,https://www.mag-inc.com/Media/Magnetics/Datasheets/0078262A7.pdf,,
0078389A7,XFlux 19,19.0,44.51529009030946,175.94814999999997,348.6735091096639,94.37108797714293,55.45,0.0,Magnetics,0.0,1000.0,Toroid,T,powder,https://www.mag-inc.com/Media/Magnetics/Datasheets/0078389A7.pdf,,
0078430A7,XFlux 19,19.0,51.623682596208425,231.13499999999996,419.0963139705124,106.90061342330787,62.33,0.0,Magnetics,0.0,1000.0,Toroid,T,powder,https://www.mag-inc.com/Media/Magnetics/Datasheets/0078430A7.pdf,,
0078750A7,XFlux 19,19.0,62.6572912544186,296.97045,444.88093567485066,113.16316516163977,70.69,0.0,Magnetics,0.0,1000.0,Toroid,T,powder,https://www.mag-inc.com/Media/Magnetics/Datasheets/0078750A7.pdf,,
0078772A7,XFlux 19,19.0,73.71210312163348,545.1892499999999,1141.8879550292438,176.59237455758162,94.30999999999999,0.0,Magnetics,0.0,1000.0,Toroid,T,powder,https://www.mag-inc.com/Media/Magnetics/Datasheets/0078772A7.pdf,,
0078170A7,XFlux 19,19.0,67.93386301126976,1096.7696,5902.389798585129,385.47175232423496,134.94,0.0,Magnetics,0.0,1000.0,Toroid,T,powder,https://www.mag-inc.com/Media/Magnetics/Datasheets/0078170A7.pdf,,
0079226A7,Kool Mµ MAX 19,19.0,16.16086407546362,27.696799999999996,68.22156942829452,40.919327012000544,22.02,0.0,Magnetics,0.0,2000.0,Toroid,T,powder,https://www.mag-inc.com/Media/Magnetics/Datasheets/0079226A7.pdf,,
0079357A7,Kool Mµ MAX 19,19.0,21.18739138876405,51.68100000000001,143.13881527918494,58.23939893439163,30.020000000000003,0.0,Magnetics,0.0,2000.0,Toroid,T,powder,https://www.mag-inc.com/Media/Magnetics/Datasheets/0079357A7.pdf,,
0079317A7,Kool Mµ MAX 19,19.0,23.176038086090454,86.69700000000002,356.32729275178826,89.31580951419075,38.010000000000005,0.0,Magnetics,0.0,2000.0,Toroid,T,powder,https://www.mag-inc.com/Media/Magnetics/Datasheets/0079317A7.pdf,,
0079215A7,Kool Mµ MAX 19,19.0,29.05968657703546,173.585,936.9891195518513,142.62141234355073,53.1,0.0,Magnetics,0.0,2000.0,Toroid,T,powder,https://www.mag-inc.com/Media/Magnetics/Datasheets/0079215A7.pdf,,
0079873A7,Kool Mµ MAX 19,19.0,26.064331111654,213.71250000000003,1809.5573684677208,195.7702996478908,58.550000000000004,0.0,Magnetics,0.0,2000.0,Toroid,T,powder,https://www.mag-inc.com/Media/Magnetics/Datasheets/0079873A7.pdf,,
0079602A7,Kool Mµ MAX 19,19.0,47.346633132324634,282.9,844.9627601095109,142.66167247936184,68.6,0.0,Magnetics,0.0,2000.0,Toroid,T,powder,https://www.mag-inc.com/Media/Magnetics/Datasheets/0079602A7.pdf,,
0079612A7,Kool Mµ MAX 19,19.0,67.51304048177728,404.4550999999999,778.8166053279941,143.0362494368053,83.03999999999999,0.0,Magnetics,0.0,2000.0,Toroid,T,powder,https://www.mag-inc.com/Media/Magnetics/Datasheets/0079612A7.pdf,,
0079342A7,Kool Mµ MAX 19,19.0,56.17187708729494,761.2540000000001,4655.4162761516545,323.57437109523715,110.41000000000001,0.0,Magnetics,0.0,2000.0,Toroid,T,powder,https://www.mag-inc.com/Media/Magnetics/Datasheets/0079342A7.pdf,,
0055122AY,MPP 26,26.0,22.083806423641377,27.657899999999994,68.22156942829452,40.919327012000544,22.0,0.0,Magnetics,0.0,5000.0,Toroid,T,powder,https://www.mag-inc.com/Media/Magnetics/Datasheets/0055122AY.pdf,,
0055312A2,MPP 26,26.0,25.204376071384832,43.62799999999999,134.78217882063606,56.555202976947236,27.18,0.0,Magnetics,0.0,5000.0,Toroid,T,powder,https://www.mag-inc.com/Media/Magnetics/Datasheets/0055312A2.pdf,,
0055932A2,MPP 26,26.0,42.33849025350609,82.14,151.74677915002098,63.387342293405496,37.69,0.0,Magnetics,0.0,5000.0,Toroid,T,powder,https://www.mag-inc.com/Media/Magnetics/Datasheets/0055932A2.pdf,,
0055091A2,MPP 26,26.0,45.115004004258374,159.975,601.758249787449,115.85487969789672,52.15,0.0,Magnetics,0.0,5000.0,Toroid,T,powder,https://www.mag-inc.com/Media/Magnetics/Datasheets/0055091A2.pdf,,
0055440A2,MPP 26,26.0,70.64293407902206,231.13499999999996,419.0963139705124,106.90061342330787,62.33,0.0,Magnetics,0.0,5000.0,Toroid,T,powder,https://www.mag-inc.com/Media/Magnetics/Datasheets/0055440A2.pdf,,
0055727A2,MPP 26,26.0,85.74155645341493,296.97045,444.88093567485066,113.16316516163977,70.69,0.0,Magnetics,0.0,5000.0,Toroid,T,powder,https://www.mag-inc.com/Media/Magnetics/Datasheets/0055727A2.pdf,,
0055775A2,MPP 26,26.0,100.86919374539319,545.1892499999999,1141.8879550292438,176.59237455758162,94.30999999999999,0.0,Magnetics,0.0,5000.0,Toroid,T,powder,https://www.mag-inc.com/Media/Magnetics/Datasheets/0055775A2.pdf,,
0055171A2,MPP 26,26.0,92.96212833121125,1096.7696,5902.389798585129,385.47175232423496,134.94,0.0,Magnetics,0.0,5000.0,Toroid,T,powder,https://www.mag-inc.com/Media/Magnetics/Datasheets/0055171A2.pdf,,
0070122A7,Kool Mµ Ultra 26,26.0,22.1148666295818,27.696799999999996,68.22156942829452,40.919327012000544,22.02,0.0,Magnetics,0.0,2000.0,Toroid,T,powder,,,
0070352A7,Kool Mµ Ultra 26,26.0,28.99327242672975,51.68100000000001,143.13881527918494,58.23939893439163,30.020000000000003,0.0,Magnetics,0.0,2000.0,Toroid,T,powder,,,
0070326A7,Kool Mµ Ultra 26,26.0,31.71457843359747,86.69700000000002,356.32729275178826,89.31580951419075,38.010000000000005,0.0,Magnetics,0.0,2000.0,Toroid,T,powder,https://www.mag-inc.com/Media/Magnetics/Datasheets/0070326A7.pdf,,
0070111A7,Kool Mµ Ultra 26,26.0,39.76588689489063,173.585,936.9891195518513,142.62141234355073,53.1,0.0,Magnetics,0.0,2000.0,Toroid,T,powder,https://www.mag-inc.com/Media/Magnetics/Datasheets/0070111A7.pdf,,
0070868A7,Kool Mµ Ultra 26,26.0,35.66697941594758,213.71250000000003,1809.5573684677208,195.7702996478908,58.550000000000004,0.0,Magnetics,0.0,2000.0,Toroid,T,powder,,,
0070601A7,Kool Mµ Ultra 26,26.0,64.79012954949687,282.9,844.9627601095109,142.66167247936184,68.6,0.0,Magnetics,0.0,2000.0,Toroid,T,powder,,,
0070615A7,Kool Mµ Ultra 26,26.0,92.38626592243207,404.4550999999999,778.8166053279941,143.0362494368053,83.03999999999999,0.0,Magnetics,0.0,2000.0,Toroid,T,powder,https://www.mag-inc.com/Media/Magnetics/Datasheets/0070615A7.pdf,,
0070337A7,Kool Mµ Ultra 26,26.0,76.8667791720878,761.2540000000001,4655.4162761516545,323.57437109523715,110.41000000000001,0.0,Magnetics,0.0,2000.0,Toroid,T,powder,https://www.mag-inc.com/Media/Magnetics/Datasheets/0070337A7.pdf,,
0074122A7,XFlux Ultra 26,26.0,22.1148666295818,27.696799999999996,68.22156942829452,40.919327012000544,22.02,0.0,Magnetics,0.0,1000.0,Toroid,T,powder,https://www.mag-inc.com/Media/Magnetics/Datasheets/0074122A7.pdf,,
0074587A7,XFlux Ultra 26,26.0,22.730721345116674,62.00520000000003,390.5706526759171,89.12470526592553,32.24,0.0,Magnetics,0.0,1000.0,Toroid,T,powder,https://www.mag-inc.com/Media/Magnetics/Datasheets/0074587A7.pdf,,
00T4317E026,XFlux Ultra 26,26.0,66.14348131314188,155.52943261721555,164.16199999999998,76.82609347980576,50.0,0.0,Magnetics,0.0,1000.0,TwoPieceSet,E,powder,,7.8999999999999995,20.78
0074868A7,XFlux Ultra 26,26.0,35.66697941594758,213.71250000000003,1809.5573684677208,195.7702996478908,58.550000000000004,0.0,Magnetics,0.0,1000.0,Toroid,T,powder,https://www.mag-inc.com/Media/Magnetics/Datasheets/0074868A7.pdf,,
0074191A7,XFlux Ultra 26,26.0,69.052592685174,263.007,505.5112391548271,124.4430165456912,64.86999999999999,0.0,Magnetics,0.0,1000.0,Toroid,T,powder,https://www.mag-inc.com/Media/Magnetics/Datasheets/0074191A7.pdf,,
0074074A7,XFlux Ultra 26,26.0,77.29783551501919,371.9987499999999,933.1950966439273,157.2379451057476,77.57,0.0,Magnetics,0.0,1000.0,Toroid,T,powder,https://www.mag-inc.com/Media/Magnetics/Datasheets/0074074A7.pdf,,
0074191A7X2,XFlux Ultra 26,26.0,140.56916167830707,531.5916000000001,482.27248559714167,123.55811297044104,97.10000000000001,0.0,Magnetics,0.0,1000.0,Toroid,T,powder,,,
0074337A7X3,XFlux Ultra 26,26.0,228.68961223917242,2259.2222499999993,4583.137653970515,322.7719087058424,214.37,0.0,Magnetics,0.0,1000.0,Toroid,T,powder,,,
0075122A7,75-Series 26,26.0,22.1148666295818,27.696799999999996,68.22156942829452,40.919327012000544,22.02,0.0,Magnetics,0.0,1000.0,Toroid,T,powder,https://www.mag-inc.com/Media/Magnetics/Datasheets/0075122A7.pdf,,
0075352A7,75-Series 26,26.0,28.99327242672975,51.68100000000001,143.13881527918494,58.23939893439163,30.020000000000003,0.0,Magnetics,0.0,1000.0,Toroid,T,powder,https://www.mag-inc.com/Media/Magnetics/Datasheets/0075352A7.pdf,,
0075256A7,75-Series 26,26.0,44.80421195326134,134.51899999999998,419.0963139705124,98.09525468575573,48.27,0.0,Magnetics,0.0,1000.0,Toroid,T,powder,https://www.mag-inc.com/Media/Magnetics/Datasheets/0075256A7.pdf,,
0075111A7,75-Series 26,26.0,39.76588689489063,173.585,936.9891195518513,142.62141234355073,53.1,0.0,Magnetics,0.0,1000.0,Toroid,T,powder,https://www.mag-inc.com/Media/Magnetics/Datasheets/0075111A7.pdf,,
0075908A7,75-Series 26,26.0,43.878082590842,262.9125000000001,1809.5573684677208,195.7702996478908,64.95,0.0,Magnetics,0.0,1000.0,Toroid,T,powder,https://www.mag-inc.com/Media/Magnetics/Datasheets/0075908A7.pdf,,
0075074A7,75-Series 26,26.0,77.29783551501919,371.9987499999999,933.1950966439273,157.2379451057476,77.57,0.0,Magnetics,0.0,1000.0,Toroid,T,powder,https://www.mag-inc.com/Media/Magnetics/Datasheets/0075074A7.pdf,,
0075735A7,75-Series 26,26.0,97.98823481902409,549.9351999999999,1533.691054503164,183.36683816784216,102.46,0.0,Magnetics,0.0,1000.0,Toroid,T,powder,https://www.mag-inc.com/Media/Magnetics/Datasheets/0075735A7.pdf,,
0075171A7,75-Series 26,26.0,92.96212833121125,1096.7696,5902.389798585129,385.47175232423496,134.94,0.0,Magnetics,0.0,1000.0,Toroid,T,powder,,,
0055113A2,MPP 40,40.0,34.02287173781816,27.696799999999996,68.22156942829452,40.919327012000544,22.02,0.0,Magnetics,0.0,5000.0,Toroid,T,powder,https://www.mag-inc.com/Media/Magnetics/Datasheets/0055113A2.pdf,,
0055356A2,MPP 40,40.0,44.60503450266116,51.68100000000001,143.13881527918494,58.23939893439163,30.020000000000003,0.0,Magnetics,0.0,5000.0,Toroid,T,powder,https://www.mag-inc.com/Media/Magnetics/Datasheets/0055356A2.pdf,,
0055260A2,MPP 40,40.0,68.92955685117128,134.51899999999998,419.0963139705124,98.09525468575573,48.27,0.0,Magnetics,0.0,5000.0,Toroid,T,powder,https://www.mag-inc.com/Media/Magnetics/Datasheets/0055260A2.pdf,,
0055391A2,MPP 40,40.0,93.71640019012517,175.94814999999997,348.6735091096639,94.37108797714293,55.45,0.0,Magnetics,0.0,5000.0,Toroid,T,powder,https://www.mag-inc.com/Media/Magnetics/Datasheets/0055391A2.pdf,,
0055431A2,MPP 40,40.0,108.6814370446493,231.13499999999996,419.0963139705124,106.90061342330787,62.33,0.0,Magnetics,0.0,5000.0,Toroid,T,powder,https://www.mag-inc.com/Media/Magnetics/Datasheets/0055431A2.pdf,,
0055733A2,MPP 40,40.0,131.91008685140758,296.97045,444.88093567485066,113.16316516163977,70.69,0.0,Magnetics,0.0,5000.0,Toroid,T,powder,https://www.mag-inc.com/Media/Magnetics/Datasheets/0055733A2.pdf,,
0055776A2,MPP 40,40.0,155.18337499291258,545.1892499999999,1141.8879550292438,176.59237455758162,94.30999999999999,0.0,Magnetics,0.0,5000.0,Toroid,T,powder,https://www.mag-inc.com/Media/Magnetics/Datasheets/0055776A2.pdf,,
0055172A2,MPP 40,40.0,143.01865897109423,1096.7696,5902.389798585129,385.47175232423496,134.94,0.0,Magnetics,0.0,5000.0,Toroid,T,powder,https://www.mag-inc.com/Media/Magnetics/Datasheets/0055172A2.pdf,,
0070113A7,Kool Mµ Ultra 40,40.0,34.02287173781816,27.696799999999996,68.22156942829452,40.919327012000544,22.02,0.0,Magnetics,0.0,2000.0,Toroid,T,powder,,,
0070316A7,Kool Mµ Ultra 40,40.0,38.77596318674589,43.62799999999999,134.78217882063606,56.555202976947236,27.18,0.0,Magnetics,0.0,2000.0,Toroid,T,powder,,,
0070936A7,Kool Mµ Ultra 40,40.0,65.13613885154783,82.14,151.74677915002098,63.387342293405496,37.69,0.0,Magnetics,0.0,2000.0,Toroid,T,powder,https://www.mag-inc.com/Media/Magnetics/Datasheets/0070936A7.pdf,,
0070721A7,Kool Mµ Ultra 40,40.0,59.1595490892637,149.472,741.6773252957862,127.00032893322863,49.56,0.0,Magnetics,0.0,2000.0,Toroid,T,powder,,,
0070391A7,Kool Mµ Ultra 40,40.0,93.71640019012517,175.94814999999997,348.6735091096639,94.37108797714293,55.45,0.0,Magnetics,0.0,2000.0,Toroid,T,powder,,,
0070189A7,Kool Mµ Ultra 40,40.0,106.23475797719078,263.007,505.5112391548271,124.4430165456912,64.86999999999999,0.0,Magnetics,0.0,2000.0,Toroid,T,powder,https://www.mag-inc.com/Media/Magnetics/Datasheets/0070189A7.pdf,,
0070073A7,Kool Mµ Ultra 40,40.0,118.91974694618337,371.9987499999999,933.1950966439273,157.2379451057476,77.57,0.0,Magnetics,0.0,2000.0,Toroid,T,powder,https://www.mag-inc.com/Media/Magnetics/Datasheets/0070073A7.pdf,,
0070736A7,Kool Mµ Ultra 40,40.0,150.75113049080633,549.9351999999999,1533.691054503164,183.36683816784216,102.46,0.0,Magnetics,0.0,2000.0,Toroid,T,powder,,,
0075113A7,75-Series 40,40.0,34.02287173781816,27.696799999999996,68.22156942829452,40.919327012000544,22.02,0.0,Magnetics,0.0,1000.0,Toroid,T,powder,https://www.mag-inc.com/Media/Magnetics/Datasheets/0075113A7.pdf,,
0075316A7,75-Series 40,40.0,38.77596318674589,43.62799999999999,134.78217882063606,56.555202976947236,27.18,0.0,Magnetics,0.0,1000.0,Toroid,T,powder,https://www.mag-inc.com/Media/Magnetics/Datasheets/0075316A7.pdf,,
0075330A7,75-Series 40,40.0,48.79165912861149,86.69700000000002,356.32729275178826,89.31580951419075,38.010000000000005,0.0,Magnetics,0.0,1000.0,Toroid,T,powder,https://www.mag-inc.com/Media/Magnetics/Datasheets/0075330A7.pdf,,
0075095A7,75-Series 40,40.0,69.4076984680898,159.975,601.758249787449,115.85487969789672,52.15,0.0,Magnetics,0.0,1000.0,Toroid,T,powder,https://www.mag-inc.com/Media/Magnetics/Datasheets/0075095A7.pdf,,
0075872A7,75-Series 40,40.0,54.872276024534735,213.71250000000003,1809.5573684677208,195.7702996478908,58.550000000000004,0.0,Magnetics,0.0,1000.0,Toroid,T,powder,https://www.mag-inc.com/Media/Magnetics/Datasheets/0075872A7.pdf,,
0075189A7,75-Series 40,40.0,106.23475797719078,263.007,505.5112391548271,124.4430165456912,64.86999999999999,0.0,Magnetics,0.0,1000.0,Toroid,T,powder,https://www.mag-inc.com/Media/Magnetics/Datasheets/0075189A7.pdf,,
0075100A7,75-Series 40,40.0,87.90354595376316,422.88749999999993,2423.583616107255,241.81782409437898,83.04999999999998,0.0,Magnetics,0.0,1000.0,Toroid,T,powder,https://www.mag-inc.com/Media/Magnetics/Datasheets/0075100A7.pdf,,
0075338A7,75-Series 40,40.0,118.25658334167355,761.2540000000001,4655.4162761516545,323.57437109523715,110.41000000000001,0.0,Magnetics,0.0,1000.0,Toroid,T,powder,https://www.mag-inc.com/Media/Magnetics/Datasheets/0075338A7.pdf,,
C055121A2,MPP 60,60.0,51.034307606727225,27.696799999999996,68.22156942829452,40.919327012000544,22.02,0.0,Magnetics,0.0,5000.0,Toroid,T,powder,https://www.mag-inc.com/Media/Magnetics/Datasheets/C055121A2.pdf,,
C055351A2,MPP 60,60.0,66.90755175399173,51.68100000000001,143.13881527918494,58.23939893439163,30.020000000000003,0.0,Magnetics,0.0,5000.0,Toroid,T,powder,https://www.mag-inc.com/Media/Magnetics/Datasheets/C055351A2.pdf,,
C055083A2,MPP 60,60.0,103.39433527675692,134.51899999999998,419.0963139705124,98.09525468575573,48.27,0.0,Magnetics,0.0,5000.0,Toroid,T,powder,https://www.mag-inc.com/Media/Magnetics/Datasheets/C055083A2.pdf,,
C055090A2,MPP 60,60.0,104.1115477021347,159.975,601.758249787449,115.85487969789672,52.15,0.0,Magnetics,0.0,5000.0,Toroid,T,powder,https://www.mag-inc.com/Media/Magnetics/Datasheets/C055090A2.pdf,,
C055894A2HT32,MPP 60,60.0,259.1602712827192,217.44,151.74677915002098,63.260428294708085,77.59,0.0,Magnetics,0.0,5000.0,Toroid,T,powder,https://www.mag-inc.com/Media/Magnetics/Datasheets/C055894A2HT32.pdf,,
0055599A2,MPP 60,60.0,149.515683575762,282.9,844.9627601095109,142.66167247936184,68.6,0.0,Magnetics,0.0,5000.0,Toroid,T,powder,https://www.mag-inc.com/Media/Magnetics/Datasheets/0055599A2.pdf,,
0055777A2,MPP 60,60.0,232.7750624893689,545.1892499999999,1141.8879550292438,176.59237455758162,94.30999999999999,0.0,Magnetics,0.0,5000.0,Toroid,T,powder,https://www.mag-inc.com/Media/Magnetics/Datasheets/0055777A2.pdf,,
0055167A2,MPP 60,60.0,198.85019248802132,1085.6625,7980.147994942649,411.65172132081966,131.8,0.0,Magnetics,0.0,5000.0,Toroid,T,powder,https://www.mag-inc.com/Media/Magnetics/Datasheets/0055167A2.pdf,,
0070121A7,Kool Mµ Ultra 60,60.0,51.034307606727225,27.696799999999996,68.22156942829452,40.919327012000544,22.02,0.0,Magnetics,0.0,2000.0,Toroid,T,powder,https://www.mag-inc.com/Media/Magnetics/Datasheets/0070121A7.pdf,,
0070059A7,Kool Mµ Ultra 60,60.0,58.16394478011883,43.62799999999999,134.78217882063606,56.555202976947236,27.18,0.0,Magnetics,0.0,2000.0,Toroid,T,powder,https://www.mag-inc.com/Media/Magnetics/Datasheets/0070059A7.pdf,,
0070076A7,Kool Mµ Ultra 60,60.0,73.18748869291723,86.69700000000002,356.32729275178826,89.31580951419075,38.010000000000005,0.0,Magnetics,0.0,2000.0,Toroid,T,powder,https://www.mag-inc.com/Media/Magnetics/Datasheets/0070076A7.pdf,,
0070716A7,Kool Mµ Ultra 60,60.0,88.73932363389557,149.472,741.6773252957862,127.00032893322863,49.56,0.0,Magnetics,0.0,2000.0,Toroid,T,powder,https://www.mag-inc.com/Media/Magnetics/Datasheets/0070716A7.pdf,,
0070392A7,Kool Mµ Ultra 60,60.0,140.57460028518776,175.94814999999997,348.6735091096639,94.37108797714293,55.45,0.0,Magnetics,0.0,2000.0,Toroid,T,powder,https://www.mag-inc.com/Media/Magnetics/Datasheets/0070392A7.pdf,,
0070192A7,Kool Mµ Ultra 60,60.0,159.35213696578617,263.007,505.5112391548271,124.4430165456912,64.86999999999999,0.0,Magnetics,0.0,2000.0,Toroid,T,powder,https://www.mag-inc.com/Media/Magnetics/Datasheets/0070192A7.pdf,,
0070617A7,Kool Mµ Ultra 60,60.0,213.19907520561244,404.4550999999999,778.8166053279941,143.0362494368053,83.03999999999999,0.0,Magnetics,0.0,2000.0,Toroid,T,powder,https://www.mag-inc.com/Media/Magnetics/Datasheets/0070617A7.pdf,,
0070737A7,Kool Mµ Ultra 60,60.0,226.12669573620946,549.9351999999999,1533.691054503164,183.36683816784216,102.46,0.0,Magnetics,0.0,2000.0,Toroid,T,powder,https://www.mag-inc.com/Media/Magnetics/Datasheets/0070737A7.pdf,,
0074121A7,XFlux Ultra 60,60.0,51.034307606727225,27.696799999999996,68.22156942829452,40.919327012000544,22.02,0.0,Magnetics,0.0,1000.0,Toroid,T,powder,https://www.mag-inc.com/Media/Magnetics/Datasheets/0074121A7.pdf,,
0074586A7,XFlux Ultra 60,60.0,52.455510796423084,62.00520000000003,390.5706526759171,89.12470526592553,32.24,0.0,Magnetics,0.0,1000.0,Toroid,T,powder,https://www.mag-inc.com/Media/Magnetics/Datasheets/0074586A7.pdf,,
0074894A7HT15,XFlux Ultra 60,60.0,124.76649250079015,105.0,149.57122623741006,63.45304198558072,44.0,0.0,Magnetics,0.0,1000.0,Toroid,T,powder,,,
0074071A7X2,XFlux Ultra 60,60.0,159.5035908453009,170.63,273.47218474307255,80.65773842073757,60.29999999999999,0.0,Magnetics,0.0,1000.0,Toroid,T,powder,,,
0074439A7,XFlux Ultra 60,60.0,163.02215556697396,231.13499999999996,419.0963139705124,106.90061342330787,62.33,0.0,Magnetics,0.0,1000.0,Toroid,T,powder,https://www.mag-inc.com/Media/Magnetics/Datasheets/0074439A7.pdf,,
EQT5032E026L250,XFlux Ultra 60,60.0,199.85785576775038,328.18401750692703,467.99999999999994,123.81045452105337,62.83185307179587,0.0,Magnetics,0.0,1000.0,TwoPieceSet,EQ,powder,https://www.mag-inc.com/Media/Magnetics/Datasheets/EQT5032E026L250.pdf,11.999999999999998,39.0
0074439A7X2,XFlux Ultra 60,60.0,316.9118489299326,449.4919,419.82233603275705,106.94106558574245,98.27,0.0,Magnetics,0.0,1000.0,Toroid,T,powder,,,
0074192A7X3,XFlux Ultra 60,60.0,482.0561051206552,789.9648000000001,482.27248559714167,123.55811297044104,128.08,0.0,Magnetics,0.0,1000.0,Toroid,T,powder,,,
0075121A7,75-Series 60,60.0,51.034307606727225,27.696799999999996,68.22156942829452,40.919327012000544,22.02,0.0,Magnetics,0.0,1000.0,Toroid,T,powder,https://www.mag-inc.com/Media/Magnetics/Datasheets/0075121A7.pdf,,
0075351A7,75-Series 60,60.0,66.90755175399173,51.68100000000001,143.13881527918494,58.23939893439163,30.020000000000003,0.0,Magnetics,0.0,1000.0,Toroid,T,powder,https://www.mag-inc.com/Media/Magnetics/Datasheets/0075351A7.pdf,,
0075083A7,75-Series 60,60.0,103.39433527675692,134.51899999999998,419.0963139705124,98.09525468575573,48.27,0.0,Magnetics,0.0,1000.0,Toroid,T,powder,https://www.mag-inc.com/Media/Magnetics/Datasheets/0075083A7.pdf,,
0075392A7,75-Series 60,60.0,140.57460028518776,175.94814999999997,348.6735091096639,94.37108797714293,55.45,0.0,Magnetics,0.0,1000.0,Toroid,T,powder,https://www.mag-inc.com/Media/Magnetics/Datasheets/0075392A7.pdf,,
0075439A7,75-Series 60,60.0,163.02215556697396,231.13499999999996,419.0963139705124,106.90061342330787,62.33,0.0,Magnetics,0.0,1000.0,Toroid,T,powder,https://www.mag-inc.com/Media/Magnetics/Datasheets/0075439A7.pdf,,
0075726A7,75-Series 60,60.0,197.86513027711135,296.97045,444.88093567485066,113.16316516163977,70.69,0.0,Magnetics,0.0,1000.0,Toroid,T,powder,https://www.mag-inc.com/Media/Magnetics/Datasheets/0075726A7.pdf,,
0075617A7,75-Series 60,60.0,213.19907520561244,404.4550999999999,778.8166053279941,143.0362494368053,83.03999999999999,0.0,Magnetics,0.0,1000.0,Toroid,T,powder,https://www.mag-inc.com/Media/Magnetics/Datasheets/0075617A7.pdf,,
0075339A7,75-Series 60,60.0,177.3848750125103,761.2540000000001,4655.4162761516545,323.57437109523715,110.41000000000001,0.0,Magnetics,0.0,1000.0,Toroid,T,powder,https://www.mag-inc.com/Media/Magnetics/Datasheets/0075339A7.pdf,,
0059224A2,Edge 90,90.0,76.55146141009084,27.696799999999996,68.22156942829452,40.919327012000544,22.02,0.0,Magnetics,0.0,2000.0,Toroid,T,powder,https://www.mag-inc.com/Media/Magnetics/Datasheets/0059224A2.pdf,,
0059314A2,Edge 90,90.0,87.24591717017826,43.62799999999999,134.78217882063606,56.555202976947236,27.18,0.0,Magnetics,0.0,2000.0,Toroid,T,powder,https://www.mag-inc.com/Media/Magnetics/Datasheets/0059314A2.pdf,,
0059328A2,Edge 90,90.0,109.78123303937585,86.69700000000002,356.32729275178826,89.31580951419075,38.010000000000005,0.0,Magnetics,0.0,2000.0,Toroid,T,powder,https://www.mag-inc.com/Media/Magnetics/Datasheets/0059328A2.pdf,,
0059093A2,Edge 90,90.0,156.16732155320207,159.975,601.758249787449,115.85487969789672,52.15,0.0,Magnetics,0.0,2000.0,Toroid,T,powder,https://www.mag-inc.com/Media/Magnetics/Datasheets/0059093A2.pdf,,
0059539A2,Edge 90,90.0,184.44743485721108,205.01999999999998,611.3617843702078,125.71178204865524,57.39999999999999,0.0,Magnetics,0.0,2000.0,Toroid,T,powder,https://www.mag-inc.com/Media/Magnetics/Datasheets/0059539A2.pdf,,
0059910A2,Edge 90,90.0,151.88567050676073,262.9125000000001,1809.5573684677208,195.7702996478908,64.95,0.0,Magnetics,0.0,2000.0,Toroid,T,powder,https://www.mag-inc.com/Media/Magnetics/Datasheets/0059910A2.pdf,,
0059068A2,Edge 90,90.0,267.5694306289125,371.9987499999999,933.1950966439273,157.2379451057476,77.57,0.0,Magnetics,0.0,2000.0,Toroid,T,powder,https://www.mag-inc.com/Media/Magnetics/Datasheets/0059068A2.pdf,,
0059739A2,Edge 90,90.0,339.19004360431416,549.9351999999999,1533.691054503164,183.36683816784216,102.46,0.0,Magnetics,0.0,2000.0,Toroid,T,powder,,,
0078224A7,XFlux 90,90.0,76.55146141009084,27.696799999999996,68.22156942829452,40.919327012000544,22.02,0.0,Magnetics,0.0,1000.0,Toroid,T,powder,https://www.mag-inc.com/Media/Magnetics/Datasheets/0078224A7.pdf,,
0078354A7,XFlux 90,90.0,100.3613276309876,51.68100000000001,143.13881527918494,58.23939893439163,30.020000000000003,0.0,Magnetics,0.0,1000.0,Toroid,T,powder,https://www.mag-inc.com/Media/Magnetics/Datasheets/0078354A7.pdf,,
0078328A7,XFlux 90,90.0,109.78123303937585,86.69700000000002,356.32729275178826,89.31580951419075,38.010000000000005,0.0,Magnetics,0.0,1000.0,Toroid,T,powder,https://www.mag-inc.com/Media/Magnetics/Datasheets/0078328A7.pdf,,
0078213A7,XFlux 90,90.0,137.65114694385215,173.585,936.9891195518513,142.62141234355073,53.1,0.0,Magnetics,0.0,1000.0,Toroid,T,powder,https://www.mag-inc.com/Media/Magnetics/Datasheets/0078213A7.pdf,,
0078870A7,XFlux 90,90.0,123.46262105520314,213.71250000000003,1809.5573684677208,195.7702996478908,58.550000000000004,0.0,Magnetics,0.0,1000.0,Toroid,T,powder,https://www.mag-inc.com/Media/Magnetics/Datasheets/0078870A7.pdf,,
0078597A7,XFlux 90,90.0,224.27352536364296,282.9,844.9627601095109,142.66167247936184,68.6,0.0,Magnetics,0.0,1000.0,Toroid,T,powder,https://www.mag-inc.com/Media/Magnetics/Datasheets/0078597A7.pdf,,
0078068A7,XFlux 90,90.0,267.5694306289125,371.9987499999999,933.1950966439273,157.2379451057476,77.57,0.0,Magnetics,0.0,1000.0,Toroid,T,powder,https://www.mag-inc.com/Media/Magnetics/Datasheets/0078068A7.pdf,,
0078739A7,XFlux 90,90.0,339.19004360431416,549.9351999999999,1533.691054503164,183.36683816784216,102.46,0.0,Magnetics,0.0,1000.0,Toroid,T,powder,https://www.mag-inc.com/Media/Magnetics/Datasheets/0078739A7.pdf,,
0058120AY,High Flux 125,125.0,106.1721462675066,27.657899999999994,68.22156942829452,40.919327012000544,22.0,0.0,Magnetics,0.0,1000.0,Toroid,T,powder,https://www.mag-inc.com/Media/Magnetics/Datasheets/0058120AY.pdf,,
C058350A2,High Flux 125,125.0,139.3907328208161,51.68100000000001,143.13881527918494,58.23939893439163,30.020000000000003,0.0,Magnetics,0.0,1000.0,Toroid,T,powder,https://www.mag-inc.com/Media/Magnetics/Datasheets/C058350A2.pdf,,
C058930A2,High Flux 125,125.0,203.55043391108694,82.14,151.74677915002098,63.387342293405496,37.69,0.0,Magnetics,0.0,1000.0,Toroid,T,powder,https://www.mag-inc.com/Media/Magnetics/Datasheets/C058930A2.pdf,,
C058254A2,High Flux 125,125.0,215.40486515991023,134.51899999999998,419.0963139705124,98.09525468575573,48.27,0.0,Magnetics,0.0,1000.0,Toroid,T,powder,https://www.mag-inc.com/Media/Magnetics/Datasheets/C058254A2.pdf,,
C058109A2,High Flux 125,125.0,191.18214853312801,173.585,936.9891195518513,142.62141234355073,53.1,0.0,Magnetics,0.0,1000.0,Toroid,T,powder,https://www.mag-inc.com/Media/Magnetics/Datasheets/C058109A2.pdf,,
C058438A2,High Flux 125,125.0,339.62949076452907,231.13499999999996,419.0963139705124,106.90061342330787,62.33,0.0,Magnetics,0.0,1000.0,Toroid,T,powder,https://www.mag-inc.com/Media/Magnetics/Datasheets/C058438A2.pdf,,
0058070A2,High Flux 125,125.0,371.62420920682297,371.9987499999999,933.1950966439273,157.2379451057476,77.57,0.0,Magnetics,0.0,1000.0,Toroid,T,powder,https://www.mag-inc.com/Media/Magnetics/Datasheets/0058070A2.pdf,,
0058340A2,High Flux 125,125.0,369.5518229427298,761.2540000000001,4655.4162761516545,323.57437109523715,110.41000000000001,0.0,Magnetics,0.0,1000.0,Toroid,T,powder,https://www.mag-inc.com/Media/Magnetics/Datasheets/0058340A2.pdf,,
0077120AY,Kool Mµ 125,125.0,106.1721462675066,27.657899999999994,68.22156942829452,40.919327012000544,22.0,0.0,Magnetics,0.0,2000.0,Toroid,T,powder,https://www.mag-inc.com/Media/Magnetics/Datasheets/0077120AY.pdf,,
0077350A7,Kool Mµ 125,125.0,139.3907328208161,51.68100000000001,143.13881527918494,58.23939893439163,30.020000000000003,0.0,Magnetics,0.0,2000.0,Toroid,T,powder,https://www.mag-inc.com/Media/Magnetics/Datasheets/0077350A7.pdf,,
0077548A7,Kool Mµ 125,125.0,134.54487852837383,69.78180000000002,306.0442173754916,81.46946678020163,34.42000000000001,0.0,Magnetics,0.0,2000.0,Toroid,T,powder,,,
0077548A7HT15,Kool Mµ 125,125.0,205.48091700180032,106.5,291.34156375669136,81.41379318556905,44.2,0.0,Magnetics,0.0,2000.0,Toroid,T,powder,https://www.mag-inc.com/Media/Magnetics/Datasheets/0077548A7HT15.pdf,,
0077548A7HT22,Kool Mµ 125,125.0,301.3720116026405,156.2,291.34156375669136,81.41379318556905,58.2,0.0,Magnetics,0.0,2000.0,Toroid,T,powder,https://www.mag-inc.com/Media/Magnetics/Datasheets/0077548A7HT22.pdf,,
0077866A7,Kool Mµ 125,125.0,171.47586257667106,213.71250000000003,1809.5573684677208,195.7702996478908,58.550000000000004,0.0,Magnetics,0.0,2000.0,Toroid,T,powder,https://www.mag-inc.com/Media/Magnetics/Datasheets/0077866A7.pdf,,
0077596A7,Kool Mµ 125,125.0,311.4910074495042,282.9,844.9627601095109,142.66167247936184,68.6,0.0,Magnetics,0.0,2000.0,Toroid,T,powder,https://www.mag-inc.com/Media/Magnetics/Datasheets/0077596A7.pdf,,
0077740A7,Kool Mµ 125,125.0,471.09728278376974,549.9351999999999,1533.691054503164,183.36683816784216,102.46,0.0,Magnetics,0.0,2000.0,Toroid,T,powder,https://www.mag-inc.com/Media/Magnetics/Datasheets/0077740A7.pdf,,
C055119A2,MPP 147,147.0,125.03405363648172,27.696799999999996,68.22156942829452,40.919327012000544,22.02,0.0,Magnetics,0.0,5000.0,Toroid,T,powder,https://www.mag-inc.com/Media/Magnetics/Datasheets/C055119A2.pdf,,
C055349A2,MPP 147,147.0,163.92350179727973,51.68100000000001,143.13881527918494,58.23939893439163,30.020000000000003,0.0,Magnetics,0.0,5000.0,Toroid,T,powder,https://www.mag-inc.com/Media/Magnetics/Datasheets/C055349A2.pdf,,
C055323A2,MPP 147,147.0,179.30934729764718,86.69700000000002,356.32729275178826,89.31580951419075,38.010000000000005,0.0,Magnetics,0.0,5000.0,Toroid,T,powder,https://www.mag-inc.com/Media/Magnetics/Datasheets/C055323A2.pdf,,
C055108A2,MPP 147,147.0,224.83020667495856,173.585,936.9891195518513,142.62141234355073,53.1,0.0,Magnetics,0.0,5000.0,Toroid,T,powder,https://www.mag-inc.com/Media/Magnetics/Datasheets/C055108A2.pdf,,
C055437A2,MPP 147,147.0,399.4042811390862,231.13499999999996,419.0963139705124,106.90061342330787,62.33,0.0,Magnetics,0.0,5000.0,Toroid,T,powder,https://www.mag-inc.com/Media/Magnetics/Datasheets/C055437A2.pdf,,
0055724A2,MPP 147,147.0,484.76956917892284,296.97045,444.88093567485066,113.16316516163977,70.69,0.0,Magnetics,0.0,5000.0,Toroid,T,powder,https://www.mag-inc.com/Media/Magnetics/Datasheets/0055724A2.pdf,,
0055160A2,MPP 147,147.0,323.0455313800796,422.88749999999993,2423.583616107255,241.81782409437898,83.04999999999998,0.0,Magnetics,0.0,5000.0,Toroid,T,powder,https://www.mag-inc.com/Media/Magnetics/Datasheets/0055160A2.pdf,,
0055341A2,MPP 147,147.0,434.5929437806503,761.2540000000001,4655.4162761516545,323.57437109523715,110.41000000000001,0.0,Magnetics,0.0,5000.0,Toroid,T,powder,https://www.mag-inc.com/Media/Magnetics/Datasheets/0055341A2.pdf,,
0059120A2,Edge 125,125.0,106.32147418068172,27.696799999999996,68.22156942829452,40.919327012000544,22.02,0.0,Magnetics,0.0,2000.0,Toroid,T,powder,https://www.mag-inc.com/Media/Magnetics/Datasheets/0059120A2.pdf,,
0059206A2,Edge 125,125.0,100.45721754353565,32.396,109.35884027146069,50.65591009505523,23.34,0.0,Magnetics,0.0,2000.0,Toroid,T,powder,https://www.mag-inc.com/Media/Magnetics/Datasheets/0059206A2.pdf,,
0059350A2,Edge 125,125.0,139.3907328208161,51.68100000000001,143.13881527918494,58.23939893439163,30.020000000000003,0.0,Magnetics,0.0,2000.0,Toroid,T,powder,https://www.mag-inc.com/Media/Magnetics/Datasheets/0059350A2.pdf,,
0059585A2,Edge 125,125.0,109.28231415921478,62.00520000000003,390.5706526759171,89.12470526592553,32.24,0.0,Magnetics,0.0,2000.0,Toroid,T,powder,https://www.mag-inc.com/Media/Magnetics/Datasheets/0059585A2.pdf,,
0059089A2,Edge 125,125.0,216.89905771278063,159.975,601.758249787449,115.85487969789672,52.15,0.0,Magnetics,0.0,2000.0,Toroid,T,powder,https://www.mag-inc.com/Media/Magnetics/Datasheets/0059089A2.pdf,,
0059438A2,Edge 125,125.0,339.62949076452907,231.13499999999996,419.0963139705124,106.90061342330787,62.33,0.0,Magnetics,0.0,2000.0,Toroid,T,powder,https://www.mag-inc.com/Media/Magnetics/Datasheets/0059438A2.pdf,,
0059596A2,Edge 125,125.0,311.4910074495042,282.9,844.9627601095109,142.66167247936184,68.6,0.0,Magnetics,0.0,2000.0,Toroid,T,powder,https://www.mag-inc.com/Media/Magnetics/Datasheets/0059596A2.pdf,,
0059620A2,Edge 125,125.0,444.1647400116927,404.4550999999999,778.8166053279941,143.0362494368053,83.03999999999999,0.0,Magnetics,0.0,2000.0,Toroid,T,powder,,,
0078120A7,XFlux 125,125.0,106.32147418068172,27.696799999999996,68.22156942829452,40.919327012000544,22.02,0.0,Magnetics,0.0,1000.0,Toroid,T,powder,https://www.mag-inc.com/Media/Magnetics/Datasheets/0078120A7.pdf,,
0078206A7,XFlux 125,125.0,100.45721754353565,32.396,109.35884027146069,50.65591009505523,23.34,0.0,Magnetics,0.0,1000.0,Toroid,T,powder,https://www.mag-inc.com/Media/Magnetics/Datasheets/0078206A7.pdf,,
0078585A7,XFlux 125,125.0,109.28231415921478,62.00520000000003,390.5706526759171,89.12470526592553,32.24,0.0,Magnetics,0.0,1000.0,Toroid,T,powder,https://www.mag-inc.com/Media/Magnetics/Datasheets/0078585A7.pdf,,
0078324A7,XFlux 125,125.0,152.47393477691088,86.69700000000002,356.32729275178826,89.31580951419075,38.010000000000005,0.0,Magnetics,0.0,1000.0,Toroid,T,powder,https://www.mag-inc.com/Media/Magnetics/Datasheets/0078324A7.pdf,,
0078715A7,XFlux 125,125.0,184.87359090394907,149.472,741.6773252957862,127.00032893322863,49.56,0.0,Magnetics,0.0,1000.0,Toroid,T,powder,https://www.mag-inc.com/Media/Magnetics/Datasheets/0078715A7.pdf,,
0078109A7,XFlux 125,125.0,191.18214853312801,173.585,936.9891195518513,142.62141234355073,53.1,0.0,Magnetics,0.0,1000.0,Toroid,T,powder,https://www.mag-inc.com/Media/Magnetics/Datasheets/0078109A7.pdf,,
0078438A7,XFlux 125,125.0,339.62949076452907,231.13499999999996,419.0963139705124,106.90061342330787,62.33,0.0,Magnetics,0.0,1000.0,Toroid,T,powder,https://www.mag-inc.com/Media/Magnetics/Datasheets/0078438A7.pdf,,
0078725A7,XFlux 125,125.0,412.2190214106486,296.97045,444.88093567485066,113.16316516163977,70.69,0.0,Magnetics,0.0,1000.0,Toroid,T,powder,https://www.mag-inc.com/Media/Magnetics/Datasheets/0078725A7.pdf,,
C055118AY,MPP 160,160.0,135.90034722240847,27.657899999999994,68.22156942829452,40.919327012000544,22.0,0.0,Magnetics,0.0,5000.0,Toroid,T,powder,https://www.mag-inc.com/Media/Magnetics/Datasheets/C055118AY.pdf,,
C055378A2,MPP 160,160.0,158.93591329788543,32.360400000000006,60.959542390072684,40.93753475256309,23.33,0.0,Magnetics,0.0,5000.0,Toroid,T,powder,https://www.mag-inc.com/Media/Magnetics/Datasheets/C055378A2.pdf,,
C055348A2,MPP 160,160.0,178.42013801064465,51.68100000000001,143.13881527918494,58.23939893439163,30.020000000000003,0.0,Magnetics,0.0,5000.0,Toroid,T,powder,https://www.mag-inc.com/Media/Magnetics/Datasheets/C055348A2.pdf,,
C055546A2,MPP 160,160.0,172.2174445163185,69.78180000000002,306.0442173754916,81.46946678020163,34.42000000000001,0.0,Magnetics,0.0,5000.0,Toroid,T,powder,,,
C055252A2,MPP 160,160.0,275.71822740468514,134.51899999999998,419.0963139705124,98.09525468575573,48.27,0.0,Magnetics,0.0,5000.0,Toroid,T,powder,https://www.mag-inc.com/Media/Magnetics/Datasheets/C055252A2.pdf,,
C055087A2,MPP 160,160.0,277.6307938723592,159.975,601.758249787449,115.85487969789672,52.15,0.0,Magnetics,0.0,5000.0,Toroid,T,powder,https://www.mag-inc.com/Media/Magnetics/Datasheets/C055087A2.pdf,,
0055532A2,MPP 160,160.0,327.9065508572642,205.01999999999998,611.3617843702078,125.71178204865524,57.39999999999999,0.0,Magnetics,0.0,5000.0,Toroid,T,powder,https://www.mag-inc.com/Media/Magnetics/Datasheets/0055532A2.pdf,,
C055197A2,MPP 160,160.0,424.9390319087631,263.007,505.5112391548271,124.4430165456912,64.86999999999999,0.0,Magnetics,0.0,5000.0,Toroid,T,powder,https://www.mag-inc.com/Media/Magnetics/Datasheets/C055197A2.pdf,,
0055114AY,MPP 173,173.0,146.94225043422915,27.657899999999994,68.22156942829452,40.919327012000544,22.0,0.0,Magnetics,0.0,5000.0,Toroid,T,powder,https://www.mag-inc.com/Media/Magnetics/Datasheets/0055114AY.pdf,,
C055374A2,MPP 173,173.0,171.8494562533386,32.360400000000006,60.959542390072684,40.93753475256309,23.33,0.0,Magnetics,0.0,5000.0,Toroid,T,powder,https://www.mag-inc.com/Media/Magnetics/Datasheets/C055374A2.pdf,,
C055344A2,MPP 173,173.0,192.9167742240095,51.68100000000001,143.13881527918494,58.23939893439163,30.020000000000003,0.0,Magnetics,0.0,5000.0,Toroid,T,powder,https://www.mag-inc.com/Media/Magnetics/Datasheets/C055344A2.pdf,,
C055924A2,MPP 173,173.0,281.71380053294433,82.14,151.74677915002098,63.387342293405496,37.69,0.0,Magnetics,0.0,5000.0,Toroid,T,powder,https://www.mag-inc.com/Media/Magnetics/Datasheets/C055924A2.pdf,,
C055248A2,MPP 173,173.0,298.1203333813158,134.51899999999998,419.0963139705124,98.09525468575573,48.27,0.0,Magnetics,0.0,5000.0,Toroid,T,powder,https://www.mag-inc.com/Media/Magnetics/Datasheets/C055248A2.pdf,,
C055082A2,MPP 173,173.0,300.18829587448835,159.975,601.758249787449,115.85487969789672,52.15,0.0,Magnetics,0.0,5000.0,Toroid,T,powder,https://www.mag-inc.com/Media/Magnetics/Datasheets/C055082A2.pdf,,
C055432A2,MPP 173,173.0,470.0472152181082,231.13499999999996,419.0963139705124,106.90061342330787,62.33,0.0,Magnetics,0.0,5000.0,Toroid,T,powder,https://www.mag-inc.com/Media/Magnetics/Datasheets/C055432A2.pdf,,
0055722A2,MPP 173,173.0,570.5111256323377,296.97045,444.88093567485066,113.16316516163977,70.69,0.0,Magnetics,0.0,5000.0,Toroid,T,powder,https://www.mag-inc.com/Media/Magnetics/Datasheets/0055722A2.pdf,,
0055117AY,MPP 200,200.0,169.8754340280106,27.657899999999994,68.22156942829452,40.919327012000544,22.0,0.0,Magnetics,0.0,5000.0,Toroid,T,powder,https://www.mag-inc.com/Media/Magnetics/Datasheets/0055117AY.pdf,,
C055377A2,MPP 200,200.0,198.66989162235683,32.360400000000006,60.959542390072684,40.93753475256309,23.33,0.0,Magnetics,0.0,5000.0,Toroid,T,powder,https://www.mag-inc.com/Media/Magnetics/Datasheets/C055377A2.pdf,,
C055347A2,MPP 200,200.0,223.02517251330582,51.68100000000001,143.13881527918494,58.23939893439163,30.020000000000003,0.0,Magnetics,0.0,5000.0,Toroid,T,powder,https://www.mag-inc.com/Media/Magnetics/Datasheets/C055347A2.pdf,,
C055927A2,MPP 200,200.0,325.6806942577391,82.14,151.74677915002098,63.387342293405496,37.69,0.0,Magnetics,0.0,5000.0,Toroid,T,powder,https://www.mag-inc.com/Media/Magnetics/Datasheets/C055927A2.pdf,,
C055712A2,MPP 200,200.0,295.7977454463186,149.472,741.6773252957862,127.00032893322863,49.56,0.0,Magnetics,0.0,5000.0,Toroid,T,powder,https://www.mag-inc.com/Media/Magnetics/Datasheets/C055712A2.pdf,,
C055106A2,MPP 200,200.0,305.89143765300486,173.585,936.9891195518513,142.62141234355073,53.1,0.0,Magnetics,0.0,5000.0,Toroid,T,powder,https://www.mag-inc.com/Media/Magnetics/Datasheets/C055106A2.pdf,,
C055435A2,MPP 200,200.0,543.4071852232465,231.13499999999996,419.0963139705124,106.90061342330787,62.33,0.0,Magnetics,0.0,5000.0,Toroid,T,powder,https://www.mag-inc.com/Media/Magnetics/Datasheets/C055435A2.pdf,,
0055731A2,MPP 200,200.0,659.550434257038,296.97045,444.88093567485066,113.16316516163977,70.69,0.0,Magnetics,0.0,5000.0,Toroid,T,powder,https://www.mag-inc.com/Media/Magnetics/Datasheets/0055731A2.pdf,,
0055115AY,MPP 300,300.0,254.8131510420159,27.657899999999994,68.22156942829452,40.919327012000544,22.0,0.0,Magnetics,0.0,5000.0,Toroid,T,powder,https://www.mag-inc.com/Media/Magnetics/Datasheets/0055115AY.pdf,,
C055375A2,MPP 300,300.0,298.00483743353516,32.360400000000006,60.959542390072684,40.93753475256309,23.33,0.0,Magnetics,0.0,5000.0,Toroid,T,powder,https://www.mag-inc.com/Media/Magnetics/Datasheets/C055375A2.pdf,,
C055345A2,MPP 300,300.0,334.53775876995866,51.68100000000001,143.13881527918494,58.23939893439163,30.020000000000003,0.0,Magnetics,0.0,5000.0,Toroid,T,powder,https://www.mag-inc.com/Media/Magnetics/Datasheets/C055345A2.pdf,,
C055925A2,MPP 300,300.0,488.52104138660866,82.14,151.74677915002098,63.387342293405496,37.69,0.0,Magnetics,0.0,5000.0,Toroid,T,powder,https://www.mag-inc.com/Media/Magnetics/Datasheets/C055925A2.pdf,,
C055249A2,MPP 300,300.0,516.9716763837846,134.51899999999998,419.0963139705124,98.09525468575573,48.27,0.0,Magnetics,0.0,5000.0,Toroid,T,powder,https://www.mag-inc.com/Media/Magnetics/Datasheets/C055249A2.pdf,,
C055084A2,MPP 300,300.0,520.5577385106735,159.975,601.758249787449,115.85487969789672,52.15,0.0,Magnetics,0.0,5000.0,Toroid,T,powder,https://www.mag-inc.com/Media/Magnetics/Datasheets/C055084A2.pdf,,
C055433A2,MPP 300,300.0,815.1107778348697,231.13499999999996,419.0963139705124,106.90061342330787,62.33,0.0,Magnetics,0.0,5000.0,Toroid,T,powder,https://www.mag-inc.com/Media/Magnetics/Datasheets/C055433A2.pdf,,
0055732A2,MPP 300,300.0,989.3256513855566,296.97045,444.88093567485066,113.16316516163977,70.69,0.0,Magnetics,0.0,5000.0,Toroid,T,powder,https://www.mag-inc.com/Media/Magnetics/Datasheets/0055732A2.pdf,,
0079224A7,Kool Mµ MAX 90,90.0,76.55146141009084,27.696799999999996,68.22156942829452,40.919327012000544,22.02,0.0,Magnetics,0.0,2000.0,Toroid,T,powder,https://www.mag-inc.com/Media/Magnetics/Datasheets/0079224A7.pdf,,
0079384A7,Kool Mµ MAX 90,90.0,89.40145123006054,32.360400000000006,60.959542390072684,40.93753475256309,23.33,0.0,Magnetics,0.0,2000.0,Toroid,T,powder,https://www.mag-inc.com/Media/Magnetics/Datasheets/0079384A7.pdf,,
0079314A7,Kool Mµ MAX 90,90.0,87.24591717017826,43.62799999999999,134.78217882063606,56.555202976947236,27.18,0.0,Magnetics,0.0,2000.0,Toroid,T,powder,https://www.mag-inc.com/Media/Magnetics/Datasheets/0079314A7.pdf,,
0079354A7,Kool Mµ MAX 90,90.0,100.3613276309876,51.68100000000001,143.13881527918494,58.23939893439163,30.020000000000003,0.0,Magnetics,0.0,2000.0,Toroid,T,powder,https://www.mag-inc.com/Media/Magnetics/Datasheets/0079354A7.pdf,,
0079589A7,Kool Mµ MAX 90,90.0,78.68326619463464,62.00520000000003,390.5706526759171,89.12470526592553,32.24,0.0,Magnetics,0.0,2000.0,Toroid,T,powder,https://www.mag-inc.com/Media/Magnetics/Datasheets/0079589A7.pdf,,
0079934A7,Kool Mµ MAX 90,90.0,146.5563124159826,82.14,151.74677915002098,63.387342293405496,37.69,0.0,Magnetics,0.0,2000.0,Toroid,T,powder,https://www.mag-inc.com/Media/Magnetics/Datasheets/0079934A7.pdf,,
0079258A7,Kool Mµ MAX 90,90.0,155.09150291513538,134.51899999999998,419.0963139705124,98.09525468575573,48.27,0.0,Magnetics,0.0,2000.0,Toroid,T,powder,https://www.mag-inc.com/Media/Magnetics/Datasheets/0079258A7.pdf,,
0079552A7HT19,Kool Mµ MAX 90,90.0,187.39859630564186,134.9,291.34156375669136,81.41379318556905,52.199999999999996,0.0,Magnetics,0.0,2000.0,Toroid,T,powder,https://www.mag-inc.com/Media/Magnetics/Datasheets/0079552A7HT19.pdf,,
0058118AY,High Flux 160,160.0,135.90034722240847,27.657899999999994,68.22156942829452,40.919327012000544,22.0,0.0,Magnetics,0.0,1000.0,Toroid,T,powder,https://www.mag-inc.com/Media/Magnetics/Datasheets/0058118AY.pdf,,
C058118A2,High Flux 160,160.0,136.09148695127263,27.696799999999996,68.22156942829452,40.919327012000544,22.02,0.0,Magnetics,0.0,1000.0,Toroid,T,powder,https://www.mag-inc.com/Media/Magnetics/Datasheets/C058118A2.pdf,,
C058204A2,High Flux 160,160.0,128.58523845572563,32.396,109.35884027146069,50.65591009505523,23.34,0.0,Magnetics,0.0,1000.0,Toroid,T,powder,https://www.mag-inc.com/Media/Magnetics/Datasheets/C058204A2.pdf,,
C058308A2,High Flux 160,160.0,155.10385274698356,43.62799999999999,134.78217882063606,56.555202976947236,27.18,0.0,Magnetics,0.0,1000.0,Toroid,T,powder,https://www.mag-inc.com/Media/Magnetics/Datasheets/C058308A2.pdf,,
C058583A2,High Flux 160,160.0,139.8813621237949,62.00520000000003,390.5706526759171,89.12470526592553,32.24,0.0,Magnetics,0.0,1000.0,Toroid,T,powder,https://www.mag-inc.com/Media/Magnetics/Datasheets/C058583A2.pdf,,
C058546A2,High Flux 160,160.0,172.2174445163185,69.78180000000002,306.0442173754916,81.46946678020163,34.42000000000001,0.0,Magnetics,0.0,1000.0,Toroid,T,powder,,,
C058322A2,High Flux 160,160.0,195.16663651444597,86.69700000000002,356.32729275178826,89.31580951419075,38.010000000000005,0.0,Magnetics,0.0,1000.0,Toroid,T,powder,https://www.mag-inc.com/Media/Magnetics/Datasheets/C058322A2.pdf,,
C058252A2,High Flux 160,160.0,275.71822740468514,134.51899999999998,419.0963139705124,98.09525468575573,48.27,0.0,Magnetics,0.0,1000.0,Toroid,T,powder,https://www.mag-inc.com/Media/Magnetics/Datasheets/C058252A2.pdf,,
C055116A2,MPP 550,550.0,467.8144863949997,27.696799999999996,68.22156942829452,40.919327012000544,22.02,0.0,Magnetics,0.0,5000.0,Toroid,T,powder,https://www.mag-inc.com/Media/Magnetics/Datasheets/C055116A2.pdf,,
C055202A2,MPP 550,550.0,442.0117571915568,32.396,109.35884027146069,50.65591009505523,23.34,0.0,Magnetics,0.0,5000.0,Toroid,T,powder,https://www.mag-inc.com/Media/Magnetics/Datasheets/C055202A2.pdf,,
C055250A2,MPP 550,550.0,947.7814067036052,134.51899999999998,419.0963139705124,98.09525468575573,48.27,0.0,Magnetics,0.0,5000.0,Toroid,T,powder,https://www.mag-inc.com/Media/Magnetics/Datasheets/C055250A2.pdf,,
C055306A2,MPP 550,550.0,533.169493817756,43.62799999999999,134.78217882063606,56.555202976947236,27.18,0.0,Magnetics,0.0,5000.0,Toroid,T,powder,https://www.mag-inc.com/Media/Magnetics/Datasheets/C055306A2.pdf,,
C055320A2,MPP 550,550.0,670.8853130184079,86.69700000000002,356.32729275178826,89.31580951419075,38.010000000000005,0.0,Magnetics,0.0,5000.0,Toroid,T,powder,https://www.mag-inc.com/Media/Magnetics/Datasheets/C055320A2.pdf,,
C055581A2,MPP 550,550.0,480.842182300545,62.00520000000003,390.5706526759171,89.12470526592553,32.24,0.0,Magnetics,0.0,5000.0,Toroid,T,powder,https://www.mag-inc.com/Media/Magnetics/Datasheets/C055581A2.pdf,,
C055926A2,MPP 550,550.0,895.6219092087825,82.14,151.74677915002098,63.387342293405496,37.69,0.0,Magnetics,0.0,5000.0,Toroid,T,powder,https://www.mag-inc.com/Media/Magnetics/Datasheets/C055926A2.pdf,,
C058724A2,High Flux 147,147.0,484.76956917892284,296.97045,444.88093567485066,113.16316516163977,70.69,0.0,Magnetics,0.0,1000.0,Toroid,T,powder,https://www.mag-inc.com/Media/Magnetics/Datasheets/C058724A2.pdf,,
9478101002*,78,2252.6,1511.77466557314,20.062091987236855,41.595,37.564974472287645,18.099999999999998,0.0,Fair-Rite,0.0,1000.0,TwoPieceSet,E,ferrite,https://fair-rite.com/product/e-cores-9478101002/,3.5249999999999995,11.8
9478105002*,78,2252.6,2540.5092107409064,51.836778572242295,95.3175,57.75787070464923,28.900000000000002,0.0,Fair-Rite,0.0,1000.0,TwoPieceSet,E,ferrite,https://fair-rite.com/product/e-cores-9478105002/,5.325,17.9
9578293202*,78,2252.6,3021.73925433684,76.50815812422186,145.2,71.67120465733228,29.845130209103033,0.0,Fair-Rite,0.0,1000.0,TwoPieceSet,ETD,ferrite,https://fair-rite.com/product/etd-cores-9578293202/,6.599999999999999,22.0
5678261721,78,2252.6,7080.19506218426,96.31445670940717,57.68000000000001,38.507045681111194,35.49999698556466,0.0,Fair-Rite,0.0,1000.0,TwoPieceSet,P,ferrite,https://fair-rite.com/product/pot-cores-5678261721/,5.15,11.2
6278370121*,78,2252.6,7348.709394139539,146.01559291081756,110.7225,56.24476500629382,39.426987802551906,0.0,Fair-Rite,0.0,1000.0,TwoPieceSet,RM,ferrite,https://fair-rite.com/product/rm-cores-6278370121/,6.4750000000000005,17.099999999999998
5978017301,78,2252.6,3918.9812048192766,180.49999999999997,804.247719318987,130.3760951239764,56.99999999999999,0.0,Fair-Rite,0.0,1000.0,Toroid,T,ferrite,https://fair-rite.com/product/toroids-5978017301/,,
9478206002*,78,2252.6,10326.17430461011,224.75244977918393,147.96000000000004,61.61109484460346,72.00000000000001,0.0,Fair-Rite,0.0,1000.0,TwoPieceSet,PLANARE,ferrite,https://fair-rite.com/product/planar-cores-9478206002/,13.700000000000003,10.8
5978008001,78,2252.6,6528.529200528866,822.0074999999998,3881.508409344896,356.413686549762,124.39999999999998,0.0,Fair-Rite,0.0,1000.0,Toroid,T,ferrite,https://fair-rite.com/product/toroids-5978008001/,,
9498101002*,98,2258.05,1515.4322931711934,20.062091987236855,41.595,37.564974472287645,18.099999999999998,0.0,Fair-Rite,0.0,10000.0,TwoPieceSet,E,ferrite,https://fair-rite.com/product/e-cores-9498101002/,3.5249999999999995,11.8
5698181221,98,2258.05,4743.361461354017,44.93078417705927,28.490000000000002,26.878262804457773,23.404865269243956,0.0,Fair-Rite,0.0,10000.0,TwoPieceSet,P,ferrite,https://fair-rite.com/product/pot-cores-5698181221/,3.85,7.4
8998303021*,98,2258.05,2893.807920393426,69.31065349407552,87.35999999999999,67.96318306667985,39.0,0.0,Fair-Rite,0.0,10000.0,TwoPieceSet,EFD,ferrite,https://fair-rite.com/product/efd-cores-8998303021/,3.9,22.4
5698261721,98,2258.05,7097.325073322015,96.31445670940717,57.68000000000001,38.507045681111194,35.49999698556466,0.0,Fair-Rite,0.0,10000.0,TwoPieceSet,P,ferrite,https://fair-rite.com/product/pot-cores-5698261721/,5.15,11.2
9498204002*,98,2258.05,8734.99468231107,128.62563059484205,60.80125,41.78383427382982,53.349999999999994,0.0,Fair-Rite,0.0,10000.0,TwoPieceSet,PLANARE,ferrite,https://fair-rite.com/product/planar-cores-9498204002/,9.575,6.35
6298420121*,98,2258.05,7413.151564954009,175.1278894294511,157.19500000000002,67.0341107435471,46.18141200776996,0.0,Fair-Rite,0.0,10000.0,TwoPieceSet,RM,ferrite,https://fair-rite.com/product/rm-cores-6298420121/,7.450000000000001,21.1
9598494902*,98,2258.05,5158.886574557929,211.19150107022475,374.67,116.16194519254289,51.207960253513626,0.0,Fair-Rite,0.0,10000.0,TwoPieceSet,ETD,ferrite,https://fair-rite.com/product/etd-cores-9598494902/,10.350000000000001,36.199999999999996
9498117002*,98,2258.05,10372.209584482953,536.8982040150156,571.7800000000001,146.88048091049995,93.3,0.0,Fair-Rite,0.0,10000.0,TwoPieceSet,E,ferrite,https://fair-rite.com/product/e-cores-9498117002/,12.650000000000002,45.2
9495103002,95,2980.0,2169.1488642674026,22.98157235843993,56.0,39.67496107511855,19.0,0.0,Fair-Rite,0.0,5000.0,TwoPieceSet,E,ferrite,https://fair-rite.com/product/e-cores-9495103002/,5.0,11.2
5995001001,95,2980.0,2019.330879345603,41.42,283.5287369864788,76.81194038027043,26.099999999999998,0.0,Fair-Rite,0.0,5000.0,Toroid,T,ferrite,https://fair-rite.com/product/toroids-5995001001/,,
8995303021*,95,2980.0,3819.0242035262327,69.31065349407552,87.35999999999999,67.96318306667985,39.0,0.0,Fair-Rite,0.0,5000.0,TwoPieceSet,EFD,ferrite,https://fair-rite.com/product/efd-cores-8995303021/,3.9,22.4
9595282802*,95,2980.0,5047.544374832565,86.57674858657982,113.28000000000003,64.23138019260145,31.101767270538954,0.0,Fair-Rite,0.0,5000.0,TwoPieceSet,ER,ferrite,https://fair-rite.com/product/eer-cores-9595282802/,5.9,19.200000000000003
6695272021*,95,2980.0,10361.46542850474,123.24555876787367,60.37499999999999,44.542667720483465,37.69911184307752,0.0,Fair-Rite,0.0,5000.0,TwoPieceSet,PQ,ferrite,https://fair-rite.com/product/pq-cores-6695272021/,5.249999999999999,11.5
6695322121*,95,2980.0,12039.952968996735,157.4018777204648,80.7875,48.95659975629248,42.254421190782715,0.0,Fair-Rite,0.0,5000.0,TwoPieceSet,PQ,ferrite,https://fair-rite.com/product/pq-cores-6695322121/,7.025,11.5
9595495402*,95,2980.0,5901.801810458979,199.53374337116009,451.72999999999985,126.60704050058136,54.03539364174444,0.0,Fair-Rite,0.0,5000.0,TwoPieceSet,ER,ferrite,https://fair-rite.com/product/eer-cores-9595495402/,9.949999999999998,45.4
9495207002*,95,2980.0,24368.863953034364,519.9240241128733,221.34,79.89704736705032,122.0,0.0,Fair-Rite,0.0,5000.0,TwoPieceSet,PLANARE,ferrite,https://fair-rite.com/product/planar-cores-9495207002/,21.699999999999996,10.200000000000001
9580130302*,80,605.0,834.5015753823556,20.025909987260892,10.881,18.244431598349024,15.707963267948967,0.0,Fair-Rite,0.0,500.0,TwoPieceSet,EQ,ferrite,https://fair-rite.com/product/planar-cores-95809130302/,3.1,3.5100000000000002
5980001801,80,605.0,360.5664804469274,26.670000000000005,147.41138128806708,56.2345084992573,21.1,0.0,Fair-Rite,0.0,500.0,Toroid,T,ferrite,https://fair-rite.com/product/toroids-5980001801/,,
9480222002*,80,605.0,1252.332282691018,40.0,20.0,24.283185307179586,28.0,0.0,Fair-Rite,0.0,500.0,TwoPieceSet,PLANARE,ferrite,https://fair-rite.com/product/planar-cores-9480222002/,5.0,4.0
5980001001,80,605.0,409.96482617586923,41.42,283.5287369864788,76.81194038027043,26.099999999999998,0.0,Fair-Rite,0.0,500.0,Toroid,T,ferrite,https://fair-rite.com/product/toroids-5980001001/,,
9480223002*,80,605.0,1850.6502230978895,79.00000000000001,37.760000000000005,32.453981633974486,41.60000000000001,0.0,Fair-Rite,0.0,500.0,TwoPieceSet,PLANARE,ferrite,https://fair-rite.com/product/planar-cores-9480223002/,5.9,6.3999999999999995
5980002701,80,605.0,672.057216940363,80.32749999999999,401.1499659368807,90.87056750508476,38.05,0.0,Fair-Rite,0.0,500.0,Toroid,T,ferrite,https://fair-rite.com/product/toroids-5980002701/,,
9580250602*,80,605.0,2010.4083541457192,92.10734320883022,35.2,34.83174352369695,34.55751918948772,0.0,Fair-Rite,0.0,500.0,TwoPieceSet,EQ,ferrite,https://fair-rite.com/product/planar-cores-9580250602/,5.5,6.4
9580250802,80,605.0,1748.4056689815666,99.83146736474954,56.64999999999999,43.4100701160477,34.55751918948772,0.0,Fair-Rite,0.0,500.0,TwoPieceSet,EQ,ferrite,https://fair-rite.com/product/planar-cores-9580250802/,5.5,10.3
9579130302,79,1478.71,2039.645990964699,20.025909987260892,10.881,18.244431598349024,15.707963267948967,0.0,Fair-Rite,0.0,300.0,TwoPieceSet,EQ,ferrite,https://fair-rite.com/product/planar-cores-9579130302/,3.1,3.5100000000000002
5979001801,79,1478.71,881.2781162011173,26.670000000000005,147.41138128806708,56.2345084992573,21.1,0.0,Fair-Rite,0.0,300.0,Toroid,T,ferrite,https://fair-rite.com/product/toroids-5979001801/,,
5979001001,79,1478.71,1002.0150216768916,41.42,283.5287369864788,76.81194038027043,26.099999999999998,0.0,Fair-Rite,0.0,300.0,Toroid,T,ferrite,https://fair-rite.com/product/toroids-5979001001/,,
9579200602*,79,1478.71,3182.911309741595,59.37475847717731,37.72000000000002,34.663322880829135,27.64601535159018,0.0,Fair-Rite,0.0,300.0,TwoPieceSet,EQ,ferrite,https://fair-rite.com/product/planar-cores-9579200602/,4.600000000000001,8.200000000000001
9479223002*,79,1478.71,4523.264448590215,79.00000000000001,37.760000000000005,32.453981633974486,41.60000000000001,0.0,Fair-Rite,0.0,300.0,TwoPieceSet,PLANARE,ferrite,https://fair-rite.com/product/planar-cores-9479223002/,5.9,6.3999999999999995
5979002701,79,1478.71,1642.6078136560068,80.32749999999999,401.1499659368807,90.87056750508476,38.05,0.0,Fair-Rite,0.0,300.0,Toroid,T,ferrite,https://fair-rite.com/product/toroids-5979002701/,,
9579250802,79,1478.71,4273.363548396253,99.83146736474954,56.64999999999999,43.4100701160477,34.55751918948772,0.0,Fair-Rite,0.0,300.0,TwoPieceSet,EQ,ferrite,https://fair-rite.com/product/planar-cores-9579250802/,5.5,10.3
5979003801,79,1478.71,1888.0017373996789,149.145,934.8201639838129,146.79091673898313,48.85,0.0,Fair-Rite,0.0,300.0,Toroid,T,ferrite,https://fair-rite.com/product/toroids-5979003801/,,
5977004901,77,1936.3,1219.8690000000001,20.160000000000004,72.38229473870882,40.21238596594935,19.000000000000004,0.0,Fair-Rite,0.0,1000.0,Toroid,T,ferrite,https://fair-rite.com/product/toroids-5977004901/,,
5977004921,77,1936.3,1599.681248023863,27.6968,71.18094970797611,42.128757484639124,22.02,0.0,Fair-Rite,0.0,1000.0,Toroid,T,ferrite,https://fair-rite.com/product/toroids-5977004921/,,
5977001821*,77,1936.3,1547.0983064066852,35.855000000000004,130.69810837096938,56.391588131936786,24.3,0.0,Fair-Rite,0.0,1000.0,Toroid,T,ferrite,https://fair-rite.com/product/toroids-5977001821/,,
5977001921*,77,1936.3,3176.3759079903148,42.34374999999999,40.715040790523716,32.436944148314616,33.349999999999994,0.0,Fair-Rite,0.0,1000.0,Toroid,T,ferrite,https://fair-rite.com/product/toroids-5977001921/,,
5977001421*,77,1936.3,2028.8645853658538,53.699999999999996,165.12996385431353,64.40264939859077,29.899999999999995,0.0,Fair-Rite,0.0,1000.0,Toroid,T,ferrite,https://fair-rite.com/product/toroids-5977001421/,,
5977001721,77,1936.3,2336.2284466209603,76.9925,255.88468513029713,80.18915248287948,35.55,0.0,Fair-Rite,0.0,1000.0,Toroid,T,ferrite,https://fair-rite.com/product/toroids-5977001721/,,
5977002721,77,1936.3,3024.1388736263734,113.70000000000003,364.4024425085755,91.4831780725348,45.160000000000004,0.0,Fair-Rite,0.0,1000.0,Toroid,T,ferrite,https://fair-rite.com/product/toroids-5977002721/,,
5977011121,77,1936.3,3551.3909563684447,260.09999999999997,1110.3645074847764,178.20684327488098,65.44999999999999,0.0,Fair-Rite,0.0,1000.0,Toroid,T,ferrite,https://fair-rite.com/product/toroids-5977011121/,,
9567130302*,67,41.11,56.70472688259278,20.025909987260892,10.881,18.244431598349024,15.707963267948967,0.0,Fair-Rite,0.0,1000000.0,TwoPieceSet,EQ,ferrite,https://fair-rite.com/product/planar-cores-9567130302/,3.1,3.5100000000000002
5967001801,67,41.11,24.500641340782124,26.670000000000005,147.41138128806708,56.2345084992573,21.1,0.0,Fair-Rite,0.0,1000000.0,Toroid,T,ferrite,https://fair-rite.com/product/toroids-5967001801/,,
9467222002*,67,41.11,85.09649610153346,40.0,20.0,24.283185307179586,28.0,0.0,Fair-Rite,0.0,1000000.0,TwoPieceSet,PLANARE,ferrite,https://fair-rite.com/product/planar-cores-9467222002/,5.0,4.0
9567230402*,67,41.11,95.98848090748902,50.37533408345812,19.520000000000003,27.111663244845566,25.132741228718345,0.0,Fair-Rite,0.0,1000000.0,TwoPieceSet,PLANARER,ferrite,https://fair-rite.com/product/planar-cores-9567230402/,6.100000000000001,3.1999999999999997
5967001701,67,41.11,39.054500000000004,60.324999999999996,285.0229569923425,79.79645340118073,31.7,0.0,Fair-Rite,0.0,1000000.0,Toroid,T,ferrite,https://fair-rite.com/product/toroids-5967001701/,,
5967002701,67,41.11,44.76391016225449,79.6925,415.4756284372501,91.97012493384118,37.949999999999996,0.0,Fair-Rite,0.0,1000000.0,Toroid,T,ferrite,https://fair-rite.com/product/toroids-5967002701/,,
9567250802,67,41.11,118.80488768897887,99.83146736474954,56.64999999999999,43.4100701160477,34.55751918948772,0.0,Fair-Rite,0.0,1000000.0,TwoPieceSet,EQ,ferrite,https://fair-rite.com/product/planar-cores-9567250802/,5.5,10.3
5967003821*,67,41.11,66.42358845360823,195.90999999999997,918.6331078361915,152.36724369910496,55.99999999999999,0.0,Fair-Rite,0.0,1000000.0,Toroid,T,ferrite,https://fair-rite.com/product/toroids-5967003821/,,
T44-17D,Mix 17,4.0,4.486221687519347,23.021200000000007,26.371619777945384,25.79390421049387,22.540000000000003,0.0,Micrometals,0.0,1000.0,Toroid,T,powder,https://datasheets.micrometals.com/T44-17D-DataSheet.pdf,,
T80-17,Mix 17,4.0,2.407282001390757,24.193499999999997,123.59574426565014,50.517469458560285,20.319999999999997,0.0,Micrometals,0.0,1000.0,Toroid,T,powder,https://datasheets.micrometals.com/T80-17-DataSheet.pdf,,
T94-17,Mix 17,4.0,3.297783313726306,38.4516,158.2472599073333,58.608708983866876,25.55,0.0,Micrometals,0.0,1000.0,Toroid,T,powder,https://datasheets.micrometals.com/T94-17-DataSheet.pdf,,
T80-17D,Mix 17,4.0,4.814564002781514,48.38699999999999,123.59574426565014,50.517469458560285,33.02,0.0,Micrometals,0.0,1000.0,Toroid,T,powder,https://datasheets.micrometals.com/T80-17D-DataSheet.pdf,,
T106-17,Mix 17,4.0,5.506497926232338,69.042,164.09752746366289,63.024257637392516,34.64,0.0,Micrometals,0.0,1000.0,Toroid,T,powder,https://datasheets.micrometals.com/T106-17-DataSheet.pdf,,
T106-17B,Mix 17,4.0,7.242781056125416,90.812,164.09752746366289,63.024257637392516,41.63999999999999,0.0,Micrometals,0.0,1000.0,Toroid,T,powder,https://datasheets.micrometals.com/T106-17B-DataSheet.pdf,,
T225-17,Mix 17,4.0,5.272411604571211,150.13559,997.0941144653715,143.13445973828996,49.434,0.0,Micrometals,0.0,1000.0,Toroid,T,powder,https://datasheets.micrometals.com/T225-17-DataSheet.pdf,,
T400-17D,Mix 17,4.0,15.198819251772491,733.8695,2562.926935982622,242.70506719787403,110.49000000000001,0.0,Micrometals,0.0,1000.0,Toroid,T,powder,https://datasheets.micrometals.com/T400-17D-DataSheet.pdf,,
T50-18C,Mix 18,55.0,46.84072762366537,21.275,46.259547469719266,31.391964132721967,22.02,0.0,Micrometals,0.0,1000.0,Toroid,T,powder,https://datasheets.micrometals.com/T50-18C-DataSheet.pdf,,
E75-18,Mix 18,55.0,42.719744009581355,24.298018397212974,50.6356,39.311061266653965,19.12,0.0,Micrometals,0.0,1000.0,TwoPieceSet,E,powder,https://datasheets.micrometals.com/E75-18-DataSheet.pdf,4.569999999999999,11.08
E100-18,Mix 18,55.0,60.15881574582389,41.444660704580066,77.43900000000001,47.61478894968959,25.4,0.0,Micrometals,0.0,1000.0,TwoPieceSet,E,powder,https://datasheets.micrometals.com/E100-18-DataSheet.pdf,6.2250000000000005,12.44
T131-18,Mix 18,55.0,86.49629132685995,93.01800000000001,207.00129700638672,74.32622302430602,38.96,0.0,Micrometals,0.0,1000.0,Toroid,T,powder,https://datasheets.micrometals.com/T131-18-DataSheet.pdf,,
T175-18,Mix 18,55.0,89.33097210335632,142.56385000000003,579.1308510712142,110.30111653553018,50.29,0.0,Micrometals,0.0,1000.0,Toroid,T,powder,https://datasheets.micrometals.com/T175-18-DataSheet.pdf,,
E168-18A,Mix 18,55.0,165.76446726700834,233.51619906349666,274.9725,97.36393647251953,63.1,0.0,Micrometals,0.0,1000.0,TwoPieceSet,E,powder,https://datasheets.micrometals.com/E168-18A-DataSheet.pdf,9.075,30.3
E220-18,Mix 18,55.0,197.4022013409553,353.0491845821802,399.7349999999999,123.61061718819273,75.30000000000001,0.0,Micrometals,0.0,1000.0,TwoPieceSet,E,powder,https://datasheets.micrometals.com/E220-18-DataSheet.pdf,10.574999999999998,37.8
E450-18,Mix 18,55.0,397.24520686782466,1229.205051140827,1269.8400000000001,213.86426523579507,140.4,0.0,Micrometals,0.0,1000.0,TwoPieceSet,E,powder,https://datasheets.micrometals.com/E450-18-DataSheet.pdf,22.2,57.2
E65-52,Mix 52,75.0,53.86996420572144,21.611758584767735,40.01319999999999,37.81068523181871,18.48,0.0,Micrometals,0.0,1000.0,TwoPieceSet,E,powder,https://datasheets.micrometals.com/E65-52-DataSheet.pdf,3.34,11.979999999999999
T80-52B,Mix 52,75.0,67.66926570838588,36.27120000000001,123.59574426565014,50.517469458560285,26.660000000000004,0.0,Micrometals,0.0,1000.0,Toroid,T,powder,https://datasheets.micrometals.com/T80-52B-DataSheet.pdf,,
T106-52A,Mix 52,75.0,73.66801279689207,49.2624,164.09752746366289,63.024257637392516,28.28,0.0,Micrometals,0.0,1000.0,Toroid,T,powder,https://datasheets.micrometals.com/T106-52A-DataSheet.pdf,,
T131-52,Mix 52,75.0,117.94948817299087,93.01800000000001,207.00129700638672,74.32622302430602,38.96,0.0,Micrometals,0.0,1000.0,Toroid,T,powder,https://datasheets.micrometals.com/T131-52-DataSheet.pdf,,
T300-52,Mix 52,75.0,86.56893647623157,179.06999999999996,1885.3253805114136,194.95387816140578,53.599999999999994,0.0,Micrometals,0.0,1000.0,Toroid,T,powder,https://datasheets.micrometals.com/T300-52-DataSheet.pdf,,
E225-52,Mix 52,75.0,304.52502964116496,343.42991061474095,281.78000000000003,106.28849314766711,75.2,0.0,Micrometals,0.0,1000.0,TwoPieceSet,E,powder,https://datasheets.micrometals.com/E225-52-DataSheet.pdf,9.65,29.2
E305-52,Mix 52,75.0,302.6717016031445,561.8219499543744,809.69,174.94358090830698,94.8,0.0,Micrometals,0.0,1000.0,TwoPieceSet,E,powder,https://datasheets.micrometals.com/E305-52-DataSheet.pdf,15.05,53.8
T650-52,Mix 52,75.0,471.70787680554224,1935.4799999999996,6203.620173298145,386.7111435798604,177.79999999999998,0.0,Micrometals,0.0,1000.0,Toroid,T,powder,https://datasheets.micrometals.com/T650-52-DataSheet.pdf,,
T50-8C/90,Mix 8,35.0,29.80773576051433,21.275,46.259547469719266,31.391964132721967,22.02,0.0,Micrometals,0.0,1000.0,Toroid,T,powder,https://datasheets.micrometals.com/T50-8C/90-DataSheet.pdf,,
E80-8,Mix 8,35.0,30.390118518923618,32.04338596954303,62.63999999999999,46.37499924639116,22.7,0.0,Micrometals,0.0,1000.0,TwoPieceSet,E,powder,https://datasheets.micrometals.com/E80-8-DataSheet.pdf,4.35,14.4
T90-8/90,Mix 8,35.0,32.818632966917,42.316399999999994,152.7221409074649,56.710847188708456,27.93,0.0,Micrometals,0.0,1000.0,Toroid,T,powder,https://datasheets.micrometals.com/T90-8/90-DataSheet.pdf,,
T131-8/90,Mix 8,35.0,55.043094480729074,93.01800000000001,207.00129700638672,74.32622302430602,38.96,0.0,Micrometals,0.0,1000.0,Toroid,T,powder,https://datasheets.micrometals.com/T131-8/90-DataSheet.pdf,,
E162-8,Mix 8,35.0,89.14415515324984,155.69666670728907,164.162,76.81823949817178,50.08,0.0,Micrometals,0.0,1000.0,TwoPieceSet,E,powder,https://datasheets.micrometals.com/E162-8-DataSheet.pdf,7.9,20.78
E168-8A,Mix 8,35.0,105.48647916991442,233.51619906349666,274.9725,97.36393647251953,63.1,0.0,Micrometals,0.0,1000.0,TwoPieceSet,E,powder,https://datasheets.micrometals.com/E168-8A-DataSheet.pdf,9.075,30.3
T400-8/90,Mix 8,35.0,66.49483422650464,366.93475,2562.926935982622,242.70506719787403,77.47,0.0,Micrometals,0.0,1000.0,Toroid,T,powder,https://datasheets.micrometals.com/T400-8/90-DataSheet.pdf,,
T650-8/90,Mix 8,35.0,220.13034250925307,1935.4799999999996,6203.620173298145,386.7111435798604,177.79999999999998,0.0,Micrometals,0.0,1000.0,Toroid,T,powder,https://datasheets.micrometals.com/T650-8/90-DataSheet.pdf,,
E65-40,Mix 40,60.0,43.095971364577146,21.611758584767735,40.01319999999999,37.81068523181871,18.48,0.0,Micrometals,0.0,1000.0,TwoPieceSet,E,powder,https://datasheets.micrometals.com/E65-40-DataSheet.pdf,3.34,11.979999999999999
T130-40A,Mix 40,60.0,35.008689109589916,37.714549999999996,307.42871502739786,81.22583705494216,24.63,0.0,Micrometals,0.0,1000.0,Toroid,T,powder,https://datasheets.micrometals.com/T130-40A-DataSheet.pdf,,
T141-40,Mix 40,60.0,59.17023631757984,70.39580000000002,391.4328354164228,89.70250256358834,34.38000000000001,0.0,Micrometals,0.0,1000.0,Toroid,T,powder,https://datasheets.micrometals.com/T141-40-DataSheet.pdf,,
T200-40,Mix 40,60.0,78.79140840675508,133.06425,790.4641740995754,127.33378281978145,46.989999999999995,0.0,Micrometals,0.0,1000.0,Toroid,T,powder,https://datasheets.micrometals.com/T200-40-DataSheet.pdf,,
T200-40B,Mix 40,60.0,143.25710619410015,241.93499999999995,790.4641740995754,127.33378281978145,69.85,0.0,Micrometals,0.0,1000.0,Toroid,T,powder,https://datasheets.micrometals.com/T200-40B-DataSheet.pdf,,
T250-40,Mix 40,60.0,211.27126063467134,403.225,790.4641740995754,143.9024345030134,82.55,0.0,Micrometals,0.0,1000.0,Toroid,T,powder,https://datasheets.micrometals.com/T250-40-DataSheet.pdf,,
PC101-440D,Mix 40,60.0,564.7650251189333,1226.7211135283223,741.0000000000001,163.7718144795877,127.23450247038662,0.0,Micrometals,0.0,1000.0,TwoPieceSet,P,powder,https://datasheets.micrometals.com/PC101-440D-DataSheet.pdf,14.250000000000002,52.0
T650-40,Mix 40,60.0,377.36630144443376,1935.4799999999996,6203.620173298145,386.7111435798604,177.79999999999998,0.0,Micrometals,0.0,1000.0,Toroid,T,powder,https://datasheets.micrometals.com/T650-40-DataSheet.pdf,,
T50-26C,Mix 26,75.0,63.87371948681643,21.275,46.259547469719266,31.391964132721967,22.02,0.0,Micrometals,0.0,1000.0,Toroid,T,powder,https://datasheets.micrometals.com/T50-26C-DataSheet.pdf,,
T72-26,Mix 26,75.0,93.54036964017486,36.894000000000005,39.42035681152205,37.17301518287816,24.38,0.0,Micrometals,0.0,1000.0,Toroid,T,powder,https://datasheets.micrometals.com/T72-26-DataSheet.pdf,,
T95-26B,Mix 26,75.0,91.9374787666284,54.073600000000006,123.59574426565014,55.43241781005267,30.400000000000002,0.0,Micrometals,0.0,1000.0,Toroid,T,powder,https://datasheets.micrometals.com/T95-26B-DataSheet.pdf,,
E125-26,Mix 26,75.0,122.52340636705999,91.47040160035715,136.7856,70.36110492089125,38.4,0.0,Micrometals,0.0,1000.0,TwoPieceSet,E,powder,https://datasheets.micrometals.com/E125-26-DataSheet.pdf,6.44,21.24
E162-26,Mix 26,75.0,191.02318961410683,155.69666670728907,164.162,76.81823949817178,50.08,0.0,Micrometals,0.0,1000.0,TwoPieceSet,E,powder,https://datasheets.micrometals.com/E162-26-DataSheet.pdf,7.9,20.78
T300-26C,Mix 26,75.0,129.85340471434736,268.605,1885.3253805114136,194.95387816140578,66.3,0.0,Micrometals,0.0,1000.0,Toroid,T,powder,https://datasheets.micrometals.com/T300-26C-DataSheet.pdf,,
T250-26,Mix 26,75.0,264.0890757933392,403.225,790.4641740995754,143.9024345030134,82.55,0.0,Micrometals,0.0,1000.0,Toroid,T,powder,https://datasheets.micrometals.com/T250-26-DataSheet.pdf,,
E610-26,Mix 26,75.0,605.272877543907,2246.7599999999998,3238.222,349.8457458900781,189.6,0.0,Micrometals,0.0,1000.0,TwoPieceSet,E,powder,https://datasheets.micrometals.com/E610-26-DataSheet.pdf,30.095000000000002,107.6
T68-6A,Mix 6,8.0,5.913251844366157,24.193499999999997,72.75372929079728,41.13127537406106,20.319999999999997,0.0,Micrometals,0.0,1000.0,Toroid,T,powder,https://datasheets.micrometals.com/T68-6A-DataSheet.pdf,,
T80-6B,Mix 6,8.0,7.218055008894493,36.27120000000001,123.59574426565014,50.517469458560285,26.660000000000004,0.0,Micrometals,0.0,1000.0,Toroid,T,powder,https://datasheets.micrometals.com/T80-6B-DataSheet.pdf,,
T68-6D,Mix 6,8.0,9.492643475098243,38.698800000000006,69.0232450942921,40.98360709799479,27.169999999999998,0.0,Micrometals,0.0,1000.0,Toroid,T,powder,https://datasheets.micrometals.com/T68-6D-DataSheet.pdf,,
T106-6,Mix 6,8.0,11.012995852464677,69.042,164.09752746366289,63.024257637392516,34.64,0.0,Micrometals,0.0,1000.0,Toroid,T,powder,https://datasheets.micrometals.com/T106-6-DataSheet.pdf,,
T150-6,Mix 6,8.0,10.310812921246258,93.7395,360.8449635889728,91.3965024641213,39.089999999999996,0.0,Micrometals,0.0,1000.0,Toroid,T,powder,https://datasheets.micrometals.com/T150-6-DataSheet.pdf,,
T175-6,Mix 6,8.0,12.993595942306372,142.56385000000003,579.1308510712142,110.30111653553018,50.29,0.0,Micrometals,0.0,1000.0,Toroid,T,powder,https://datasheets.micrometals.com/T175-6-DataSheet.pdf,,
T184-6,Mix 6,8.0,19.072695078419358,203.82915,456.34126238268556,107.43705094129075,58.67,0.0,Micrometals,0.0,1000.0,Toroid,T,powder,https://datasheets.micrometals.com/T184-6-DataSheet.pdf,,
T400-6D,Mix 6,8.0,30.397638503544982,733.8695,2562.926935982622,242.70506719787403,110.49000000000001,0.0,Micrometals,0.0,1000.0,Toroid,T,powder,https://datasheets.micrometals.com/T400-6D-DataSheet.pdf,,
T68-2A,Mix 2,10.0,7.391564805457698,24.193499999999997,72.75372929079728,41.13127537406106,20.319999999999997,0.0,Micrometals,0.0,1000.0,Toroid,T,powder,https://datasheets.micrometals.com/T68-2A-DataSheet.pdf,,
T72-2,Mix 2,10.0,12.472049285356649,36.894000000000005,39.42035681152205,37.17301518287816,24.38,0.0,Micrometals,0.0,1000.0,Toroid,T,powder,https://datasheets.micrometals.com/T72-2-DataSheet.pdf,,
T106-2,Mix 2,10.0,13.766244815580844,69.042,164.09752746366289,63.024257637392516,34.64,0.0,Micrometals,0.0,1000.0,Toroid,T,powder,https://datasheets.micrometals.com/T106-2-DataSheet.pdf,,
T157-2,Mix 2,10.0,14.550056135625951,114.03,456.34126238268556,98.48369159530604,44.71,0.0,Micrometals,0.0,1000.0,Toroid,T,powder,https://datasheets.micrometals.com/T157-2-DataSheet.pdf,,
T300-2,Mix 2,10.0,11.542524863497544,179.06999999999996,1885.3253805114136,194.95387816140578,53.599999999999994,0.0,Micrometals,0.0,1000.0,Toroid,T,powder,https://datasheets.micrometals.com/T300-2-DataSheet.pdf,,
E220-2,Mix 2,10.0,35.891309334719146,353.0491845821802,399.7349999999999,123.61061718819273,75.30000000000001,0.0,Micrometals,0.0,1000.0,TwoPieceSet,E,powder,https://datasheets.micrometals.com/E220-2-DataSheet.pdf,10.574999999999998,37.8
E450-2H,Mix 2,10.0,36.03342989937206,612.9140584864641,1266.5081000000002,213.74887806131787,104.80000000000001,0.0,Micrometals,0.0,1000.0,TwoPieceSet,E,powder,https://datasheets.micrometals.com/E450-2H-DataSheet.pdf,22.165,57.14
E610-2,Mix 2,10.0,80.70305033918761,2246.7599999999998,3238.222,349.8457458900781,189.6,0.0,Micrometals,0.0,1000.0,TwoPieceSet,E,powder,https://datasheets.micrometals.com/E610-2-DataSheet.pdf,30.095000000000002,107.6
T50-63C,Mix 63,35.0,29.80773576051433,21.275,46.259547469719266,31.391964132721967,22.02,0.0,Micrometals,0.0,1000.0,Toroid,T,powder,https://datasheets.micrometals.com/T50-63C-DataSheet.pdf,,
T80-63B,Mix 63,35.0,31.57899066391341,36.27120000000001,123.59574426565014,50.517469458560285,26.660000000000004,0.0,Micrometals,0.0,1000.0,Toroid,T,powder,https://datasheets.micrometals.com/T80-63B-DataSheet.pdf,,
T106-63,Mix 63,35.0,48.18185685453295,69.042,164.09752746366289,63.024257637392516,34.64,0.0,Micrometals,0.0,1000.0,Toroid,T,powder,https://datasheets.micrometals.com/T106-63-DataSheet.pdf,,
T131-63,Mix 63,35.0,55.043094480729074,93.01800000000001,207.00129700638672,74.32622302430602,38.96,0.0,Micrometals,0.0,1000.0,Toroid,T,powder,https://datasheets.micrometals.com/T131-63-DataSheet.pdf,,
T157-63,Mix 63,35.0,50.925196474690836,114.03,456.34126238268556,98.48369159530604,44.71,0.0,Micrometals,0.0,1000.0,Toroid,T,powder,https://datasheets.micrometals.com/T157-63-DataSheet.pdf,,
T300-63D,Mix 63,35.0,80.7976740444828,358.13999999999993,1885.3253805114136,194.95387816140578,78.99999999999999,0.0,Micrometals,0.0,1000.0,Toroid,T,powder,https://datasheets.micrometals.com/T300-63D-DataSheet.pdf,,
T520-63,Mix 63,35.0,74.49885343845304,547.1160000000002,4803.463328208311,323.003876932683,94.49000000000002,0.0,Micrometals,0.0,1000.0,Toroid,T,powder,https://datasheets.micrometals.com/T520-63-DataSheet.pdf,,
E610-63,Mix 63,35.0,282.4606761871566,2246.7599999999998,3238.222,349.8457458900781,189.6,0.0,Micrometals,0.0,1000.0,TwoPieceSet,E,powder,https://datasheets.micrometals.com/E610-63-DataSheet.pdf,30.095000000000002,107.6
T50-66C,Mix 66,66.0,56.20887314839845,21.275,46.259547469719266,31.391964132721967,22.02,0.0,Micrometals,0.0,1000.0,Toroid,T,powder,https://datasheets.micrometals.com/T50-66C-DataSheet.pdf,,
T80-66B,Mix 66,66.0,59.54895382337956,36.27120000000001,123.59574426565014,50.517469458560285,26.660000000000004,0.0,Micrometals,0.0,1000.0,Toroid,T,powder,https://datasheets.micrometals.com/T80-66B-DataSheet.pdf,,
T130-66,Mix 66,66.0,74.86096217654867,73.3155,307.42871502739786,81.22583705494216,35.41,0.0,Micrometals,0.0,1000.0,Toroid,T,powder,https://datasheets.micrometals.com/T130-66-DataSheet.pdf,,
T200-66,Mix 66,66.0,86.6705492474306,133.06425,790.4641740995754,127.33378281978145,46.989999999999995,0.0,Micrometals,0.0,1000.0,Toroid,T,powder,https://datasheets.micrometals.com/T200-66-DataSheet.pdf,,
T184-66,Mix 66,66.0,157.34973439695975,203.82915,456.34126238268556,107.43705094129075,58.67,0.0,Micrometals,0.0,1000.0,Toroid,T,powder,https://datasheets.micrometals.com/T184-66-DataSheet.pdf,,
T400-66,Mix 66,66.0,125.39025882712303,366.93475,2562.926935982622,242.70506719787403,77.47,0.0,Micrometals,0.0,1000.0,Toroid,T,powder,https://datasheets.micrometals.com/T400-66-DataSheet.pdf,,
E305-66,Mix 66,66.0,266.3510974107671,561.8219499543744,809.69,174.94358090830698,94.8,0.0,Micrometals,0.0,1000.0,TwoPieceSet,E,powder,https://datasheets.micrometals.com/E305-66-DataSheet.pdf,15.05,53.8
E610-66,Mix 66,66.0,532.6401322386382,2246.7599999999998,3238.222,349.8457458900781,189.6,0.0,Micrometals,0.0,1000.0,TwoPieceSet,E,powder,https://datasheets.micrometals.com/E610-66-DataSheet.pdf,30.095000000000002,107.6
FS-065014-2,FS 14,14.0,8.718274751284868,20.415249999999997,80.66833737980075,41.196664134240805,19.130000000000003,0.0,Micrometals,0.0,2000.0,Toroid,T,powder,https://datasheets.micrometals.com/FS-065014-2-DataSheet.pdf,,
FS-068014-2H127,FS 14,14.0,20.696381455281553,48.38699999999999,72.75372929079728,41.13127537406106,33.02,0.0,Micrometals,0.0,2000.0,Toroid,T,powder,https://datasheets.micrometals.com/FS-068014-2H127-DataSheet.pdf,,
FS-132014-2,FS 14,14.0,15.789289137590304,73.11720000000001,311.482073267283,81.46946678020163,35.44,0.0,Micrometals,0.0,2000.0,Toroid,T,powder,https://datasheets.micrometals.com/FS-132014-2-DataSheet.pdf,,
EFS-0432111-014,FS 14,14.0,23.80248458247161,131.7371976382019,275.23859999999996,97.36974393895639,45.32,0.0,Micrometals,0.0,2000.0,TwoPieceSet,E,powder,https://datasheets.micrometals.com/EFS-0432111-014-DataSheet.pdf,9.229999999999999,29.82
FS-301014-2,FS 14,14.0,20.348426588386616,226.8457999999999,1901.5217294901047,196.12719125088606,60.32999999999999,0.0,Micrometals,0.0,2000.0,Toroid,T,powder,https://datasheets.micrometals.com/FS-301014-2-DataSheet.pdf,,
EFS-0802420-014,FS 14,14.0,55.12954232183292,398.96074443825006,554.975,127.31620306756427,79.24000000000001,0.0,Micrometals,0.0,2000.0,TwoPieceSet,E,powder,https://datasheets.micrometals.com/EFS-0802420-014-DataSheet.pdf,19.75,28.1
EFS-0802430-014,FS 14,14.0,83.11395263401302,601.6412674795076,553.3693999999999,127.35077163596267,99.06,0.0,Micrometals,0.0,2000.0,TwoPieceSet,E,powder,https://datasheets.micrometals.com/EFS-0802430-014-DataSheet.pdf,19.735,28.04
EFS-1205532-014,FS 14,14.0,91.60687250900888,1260.3779346005801,1406.8471,242.05309196983433,142.2,0.0,Micrometals,0.0,2000.0,TwoPieceSet,E,powder,https://datasheets.micrometals.com/EFS-1205532-014-DataSheet.pdf,20.395,68.98
MP-065014-2,MP 14,14.0,8.718274751284868,20.415249999999997,80.66833737980075,41.196664134240805,19.130000000000003,0.0,Micrometals,0.0,5000.0,Toroid,T,powder,https://datasheets.micrometals.com/MP-065014-2-DataSheet.pdf,,
MP-068014-2H127,MP 14,14.0,20.696381455281553,48.38699999999999,72.75372929079728,41.13127537406106,33.02,0.0,Micrometals,0.0,5000.0,Toroid,T,powder,https://datasheets.micrometals.com/MP-068014-2H127-DataSheet.pdf,,
MP-106014-2,MP 14,14.0,18.875788418749437,68.1421,169.82292299519762,63.5109066525783,34.55,0.0,Micrometals,0.0,5000.0,Toroid,T,powder,https://datasheets.micrometals.com/MP-106014-2-DataSheet.pdf,,
MP-109014-2,MP 14,14.0,30.40724055650066,109.77095,169.82292299519762,63.5109066525783,48.21,0.0,Micrometals,0.0,5000.0,Toroid,T,powder,https://datasheets.micrometals.com/MP-109014-2-DataSheet.pdf,,
MP-171014-2,MP 14,14.0,22.589819961205073,137.94709999999995,545.9240847758787,107.43300041586643,49.44,0.0,Micrometals,0.0,5000.0,Toroid,T,powder,https://datasheets.micrometals.com/MP-171014-2-DataSheet.pdf,,
MP-226014-2,MP 14,14.0,32.972408597570244,234.3912,545.9240847758787,125.06290982412519,61.24,0.0,Micrometals,0.0,5000.0,Toroid,T,powder,https://datasheets.micrometals.com/MP-226014-2-DataSheet.pdf,,
MP-226014-2H305,MP 14,14.0,65.94481719514049,468.7824,545.9240847758787,125.06290982412519,91.72,0.0,Micrometals,0.0,5000.0,Toroid,T,powder,https://datasheets.micrometals.com/MP-226014-2H305-DataSheet.pdf,,
MP-601014-2,MP 14,14.0,44.70664785811925,903.224,5185.442164799633,355.43587600052325,121.92,0.0,Micrometals,0.0,5000.0,Toroid,T,powder,https://datasheets.micrometals.com/MP-601014-2-DataSheet.pdf,,
MS-065014-2,MS 14,14.0,8.718274751284868,20.415249999999997,80.66833737980075,41.196664134240805,19.130000000000003,0.0,Micrometals,0.0,5000.0,Toroid,T,powder,https://datasheets.micrometals.com/MS-065014-2-DataSheet.pdf,,
MS-068014-2H127,MS 14,14.0,20.696381455281553,48.38699999999999,72.75372929079728,41.13127537406106,33.02,0.0,Micrometals,0.0,5000.0,Toroid,T,powder,https://datasheets.micrometals.com/MS-068014-2H127-DataSheet.pdf,,
MS-132014-2,MS 14,14.0,15.789289137590304,73.11720000000001,311.482073267283,81.46946678020163,35.44,0.0,Micrometals,0.0,5000.0,Toroid,T,powder,https://datasheets.micrometals.com/MS-132014-2-DataSheet.pdf,,
EMS-0432111-014,MS 14,14.0,23.80248458247161,131.7371976382019,275.23859999999996,97.36974393895639,45.32,0.0,Micrometals,0.0,5000.0,TwoPieceSet,E,powder,https://datasheets.micrometals.com/EMS-0432111-014-DataSheet.pdf,9.229999999999999,29.82
MS-301014-2,MS 14,14.0,20.348426588386616,226.8457999999999,1901.5217294901047,196.12719125088606,60.32999999999999,0.0,Micrometals,0.0,5000.0,Toroid,T,powder,https://datasheets.micrometals.com/MS-301014-2-DataSheet.pdf,,
EMS-0802420-014,MS 14,14.0,55.12954232183292,398.96074443825006,554.975,127.31620306756427,79.24000000000001,0.0,Micrometals,0.0,5000.0,TwoPieceSet,E,powder,https://datasheets.micrometals.com/EMS-0802420-014-DataSheet.pdf,19.75,28.1
EMS-0802430-014,MS 14,14.0,83.11395263401302,601.6412674795076,553.3693999999999,127.35077163596267,99.06,0.0,Micrometals,0.0,5000.0,TwoPieceSet,E,powder,https://datasheets.micrometals.com/EMS-0802430-014-DataSheet.pdf,19.735,28.04
EMS-1205532-014,MS 14,14.0,91.60687250900888,1260.3779346005801,1406.8471,242.05309196983433,142.2,0.0,Micrometals,0.0,5000.0,TwoPieceSet,E,powder,https://datasheets.micrometals.com/EMS-1205532-014-DataSheet.pdf,20.395,68.98
HF-065014-2,HF 14,14.0,8.718274751284868,20.415249999999997,80.66833737980075,41.196664134240805,19.130000000000003,0.0,Micrometals,0.0,5000.0,Toroid,T,powder,https://datasheets.micrometals.com/HF-065014-2-DataSheet.pdf,,
HF-068014-2H127,HF 14,14.0,20.696381455281553,48.38699999999999,72.75372929079728,41.13127537406106,33.02,0.0,Micrometals,0.0,5000.0,Toroid,T,powder,https://datasheets.micrometals.com/HF-068014-2H127-DataSheet.pdf,,
HF-106014-2,HF 14,14.0,18.875788418749437,68.1421,169.82292299519762,63.5109066525783,34.55,0.0,Micrometals,0.0,5000.0,Toroid,T,powder,https://datasheets.micrometals.com/HF-106014-2-DataSheet.pdf,,
HF-109014-2,HF 14,14.0,30.40724055650066,109.77095,169.82292299519762,63.5109066525783,48.21,0.0,Micrometals,0.0,5000.0,Toroid,T,powder,https://datasheets.micrometals.com/HF-109014-2-DataSheet.pdf,,
HF-171014-2,HF 14,14.0,22.589819961205073,137.94709999999995,545.9240847758787,107.43300041586643,49.44,0.0,Micrometals,0.0,5000.0,Toroid,T,powder,https://datasheets.micrometals.com/HF-171014-2-DataSheet.pdf,,
HF-226014-2,HF 14,14.0,32.972408597570244,234.3912,545.9240847758787,125.06290982412519,61.24,0.0,Micrometals,0.0,5000.0,Toroid,T,powder,https://datasheets.micrometals.com/HF-226014-2-DataSheet.pdf,,
HF-226014-2H305,HF 14,14.0,65.94481719514049,468.7824,545.9240847758787,125.06290982412519,91.72,0.0,Micrometals,0.0,5000.0,Toroid,T,powder,https://datasheets.micrometals.com/HF-226014-2H305-DataSheet.pdf,,
HF-601014-2,HF 14,14.0,44.70664785811925,903.224,5185.442164799633,355.43587600052325,121.92,0.0,Micrometals,0.0,5000.0,Toroid,T,powder,https://datasheets.micrometals.com/HF-601014-2-DataSheet.pdf,,
OE-065026-2,OE 26,26.0,16.191081680957613,20.415249999999997,80.66833737980075,41.196664134240805,19.130000000000003,0.0,Micrometals,0.0,5000.0,Toroid,T,powder,https://datasheets.micrometals.com/OE-065026-2-DataSheet.pdf,,
OE-068026-2H127,OE 26,26.0,38.43613698838003,48.38699999999999,72.75372929079728,41.13127537406106,33.02,0.0,Micrometals,0.0,5000.0,Toroid,T,powder,https://datasheets.micrometals.com/OE-068026-2H127-DataSheet.pdf,,
OE-130026-2,OE 26,26.0,27.985334733901755,69.78180000000002,311.482073267283,81.46946678020163,34.42000000000001,0.0,Micrometals,0.0,5000.0,Toroid,T,powder,https://datasheets.micrometals.com/OE-130026-2-DataSheet.pdf,,
OE-157026-2,OE 26,26.0,37.830145952627475,114.03,456.34126238268556,98.48369159530604,44.71,0.0,Micrometals,0.0,5000.0,Toroid,T,powder,https://datasheets.micrometals.com/OE-157026-2-DataSheet.pdf,,
OE-225026-2,OE 26,26.0,34.270675429712874,150.13559,997.0941144653715,143.13445973828996,49.434,0.0,Micrometals,0.0,5000.0,Toroid,T,powder,https://datasheets.micrometals.com/OE-225026-2-DataSheet.pdf,,
OE-401026-2,OE 26,26.0,40.65983339204491,302.03775,2562.926935982622,242.70506719787403,71.63,0.0,Micrometals,0.0,5000.0,Toroid,T,powder,https://datasheets.micrometals.com/OE-401026-2-DataSheet.pdf,,
OE-292026-2,OE 26,26.0,89.57936494060066,504.0000000000001,1609.189740950257,183.82550561700654,98.80000000000001,0.0,Micrometals,0.0,5000.0,Toroid,T,powder,https://datasheets.micrometals.com/OE-292026-2-DataSheet.pdf,,
OE-650026-2,OE 26,26.0,86.16841674480924,1085.6625,8007.817450628091,411.65172132081966,131.8,0.0,Micrometals,0.0,5000.0,Toroid,T,powder,https://datasheets.micrometals.com/OE-650026-2-DataSheet.pdf,,
MS-065026-2,MS 26,26.0,16.191081680957613,20.415249999999997,80.66833737980075,41.196664134240805,19.130000000000003,0.0,Micrometals,0.0,5000.0,Toroid,T,powder,https://datasheets.micrometals.com/MS-065026-2-DataSheet.pdf,,
PQMS-213140101-026,MS 26,26.0,46.020820973185344,63.79339713862603,65.78000000000003,45.29023561566136,27.64601535159018,0.0,Micrometals,0.0,5000.0,TwoPieceSet,PQ,powder,https://datasheets.micrometals.com/PQMS-213140101-026-DataSheet.pdf,4.600000000000001,14.3
EQMS-265190124-026,MS 26,26.0,65.84811650269319,121.49159789738015,96.46,60.281784349617865,37.69911184307752,0.0,Micrometals,0.0,5000.0,TwoPieceSet,EQ,powder,https://datasheets.micrometals.com/EQMS-265190124-026-DataSheet.pdf,5.299999999999999,18.2
EMS-0411713-026,MS 26,26.0,66.14348131314188,155.52943261721555,164.16199999999998,76.82609347980576,50.0,0.0,Micrometals,0.0,5000.0,TwoPieceSet,E,powder,https://datasheets.micrometals.com/EMS-0411713-026-DataSheet.pdf,7.8999999999999995,20.78
EQMS-360260140-026,MS 26,26.0,116.65736759315523,218.0130365138731,123.20000000000002,61.059536551425865,45.23893421169302,0.0,Micrometals,0.0,5000.0,TwoPieceSet,EQ,powder,https://datasheets.micrometals.com/EQMS-360260140-026-DataSheet.pdf,8.8,14.0
EQMS-500320180-026,MS 26,26.0,116.84033290012471,338.2500012559421,290.4,94.58629912737287,62.83185307179587,0.0,Micrometals,0.0,5000.0,TwoPieceSet,EQ,powder,https://datasheets.micrometals.com/EQMS-500320180-026-DataSheet.pdf,11.999999999999998,24.2
EMS-0552825-026,MS 26,26.0,110.8989442052481,419.5656976194024,399.7349999999999,123.61061718819273,83.10000000000001,0.0,Micrometals,0.0,5000.0,TwoPieceSet,E,powder,https://datasheets.micrometals.com/EMS-0552825-026-DataSheet.pdf,10.574999999999998,37.8
EMS-1205532-026,MS 26,26.0,170.12704894530216,1260.3779346005801,1406.8471,242.05309196983433,142.2,0.0,Micrometals,0.0,5000.0,TwoPieceSet,E,powder,https://datasheets.micrometals.com/EMS-1205532-026-DataSheet.pdf,20.395,68.98
HF-065026-2,HF 26,26.0,16.191081680957613,20.415249999999997,80.66833737980075,41.196664134240805,19.130000000000003,0.0,Micrometals,0.0,5000.0,Toroid,T,powder,https://datasheets.micrometals.com/HF-065026-2-DataSheet.pdf,,
EQHF-205140055-026,HF 26,26.0,55.96478961613937,59.37475847717731,37.72000000000002,34.663322880829135,27.64601535159018,0.0,Micrometals,0.0,5000.0,TwoPieceSet,EQ,powder,https://datasheets.micrometals.com/EQHF-205140055-026-DataSheet.pdf,4.600000000000001,8.200000000000001
EQHF-320220085-026,HF 26,26.0,77.09672506777396,117.38196488670704,90.24000000000001,49.74491081909815,42.411500823462205,0.0,Micrometals,0.0,5000.0,TwoPieceSet,EQ,powder,https://datasheets.micrometals.com/EQHF-320220085-026-DataSheet.pdf,7.05,12.8
EQHF-320220095-026,HF 26,26.0,88.41605385828183,144.95559506906892,90.24000000000001,53.56573486388303,42.411500823462205,0.0,Micrometals,0.0,5000.0,TwoPieceSet,EQ,powder,https://datasheets.micrometals.com/EQHF-320220095-026-DataSheet.pdf,7.05,12.8
EQHF-360260174-026,HF 26,26.0,70.27271313007942,185.63738350619496,235.84000000000003,86.31016149072873,45.23893421169302,0.0,Micrometals,0.0,5000.0,TwoPieceSet,EQ,powder,https://datasheets.micrometals.com/EQHF-360260174-026-DataSheet.pdf,8.8,26.8
EQHF-415280082-026,HF 26,26.0,146.2507394535348,232.3601201022121,73.43999999999998,51.90948661107892,46.80973053848791,0.0,Micrometals,0.0,5000.0,TwoPieceSet,EQ,powder,https://datasheets.micrometals.com/EQHF-415280082-026-DataSheet.pdf,10.799999999999999,6.8
EQHF-500320160-026,HF 26,26.0,128.29685075706251,340.12418633487243,242.39999999999995,86.61731791110087,62.83185307179587,0.0,Micrometals,0.0,5000.0,TwoPieceSet,EQ,powder,https://datasheets.micrometals.com/EQHF-500320160-026-DataSheet.pdf,11.999999999999998,20.2
HF-601026-2,HF 26,26.0,83.02663173650717,903.224,5185.442164799633,355.43587600052325,121.92,0.0,Micrometals,0.0,5000.0,Toroid,T,powder,https://datasheets.micrometals.com/HF-601026-2-DataSheet.pdf,,
SM-065026-2,SM 26,26.0,16.191081680957613,20.415249999999997,80.66833737980075,41.196664134240805,19.130000000000003,0.0,Micrometals,0.0,5000.0,Toroid,T,powder,https://datasheets.micrometals.com/SM-065026-2-DataSheet.pdf,,
SM-092026-2,SM 26,26.0,22.77868568120337,40.760650000000005,162.28613540508545,58.46495921810846,26.950000000000003,0.0,Micrometals,0.0,5000.0,Toroid,T,powder,https://datasheets.micrometals.com/SM-092026-2-DataSheet.pdf,,
SM-131026-2,SM 26,26.0,22.97577622014802,57.29040000000001,311.482073267283,81.46946678020163,30.6,0.0,Micrometals,0.0,5000.0,Toroid,T,powder,https://datasheets.micrometals.com/SM-131026-2-DataSheet.pdf,,
SM-108026-2,SM 26,26.0,43.897182369184726,85.33,169.82292299519762,63.5109066525783,40.190000000000005,0.0,Micrometals,0.0,5000.0,Toroid,T,powder,https://datasheets.micrometals.com/SM-108026-2-DataSheet.pdf,,
SM-200026-2,SM 26,26.0,32.896494018167516,128.2065,790.4641740995754,127.33378281978145,45.97,0.0,Micrometals,0.0,5000.0,Toroid,T,powder,https://datasheets.micrometals.com/SM-200026-2-DataSheet.pdf,,
SM-350026-2,SM 26,26.0,24.61416313603881,181.92059999999998,3419.598028637759,241.47936049316675,54.699999999999996,0.0,Micrometals,0.0,5000.0,Toroid,T,powder,https://datasheets.micrometals.com/SM-350026-2-DataSheet.pdf,,
SM-268026-2,SM 26,26.0,66.138638778537,319.93995000000007,1015.875181153788,158.05070314049246,71.99,0.0,Micrometals,0.0,5000.0,Toroid,T,powder,https://datasheets.micrometals.com/SM-268026-2-DataSheet.pdf,,
SM-292026-2,SM 26,26.0,89.57936494060066,504.0000000000001,1609.189740950257,183.82550561700654,98.80000000000001,0.0,Micrometals,0.0,5000.0,Toroid,T,powder,https://datasheets.micrometals.com/SM-292026-2-DataSheet.pdf,,
OC-065026-2,OC 26,26.0,16.191081680957613,20.415249999999997,80.66833737980075,41.196664134240805,19.130000000000003,0.0,Micrometals,0.0,5000.0,Toroid,T,powder,https://datasheets.micrometals.com/OC-065026-2-DataSheet.pdf,,
OC-068026-2H127,OC 26,26.0,38.43613698838003,48.38699999999999,72.75372929079728,41.13127537406106,33.02,0.0,Micrometals,0.0,5000.0,Toroid,T,powder,https://datasheets.micrometals.com/OC-068026-2H127-DataSheet.pdf,,
OC-130026-2,OC 26,26.0,27.985334733901755,69.78180000000002,311.482073267283,81.46946678020163,34.42000000000001,0.0,Micrometals,0.0,5000.0,Toroid,T,powder,https://datasheets.micrometals.com/OC-130026-2-DataSheet.pdf,,
OC-157026-2,OC 26,26.0,37.830145952627475,114.03,456.34126238268556,98.48369159530604,44.71,0.0,Micrometals,0.0,5000.0,Toroid,T,powder,https://datasheets.micrometals.com/OC-157026-2-DataSheet.pdf,,
OC-225026-2,OC 26,26.0,34.270675429712874,150.13559,997.0941144653715,143.13445973828996,49.434,0.0,Micrometals,0.0,5000.0,Toroid,T,powder,https://datasheets.micrometals.com/OC-225026-2-DataSheet.pdf,,
OC-401026-2,OC 26,26.0,40.65983339204491,302.03775,2562.926935982622,242.70506719787403,71.63,0.0,Micrometals,0.0,5000.0,Toroid,T,powder,https://datasheets.micrometals.com/OC-401026-2-DataSheet.pdf,,
OC-292026-2,OC 26,26.0,89.57936494060066,504.0000000000001,1609.189740950257,183.82550561700654,98.80000000000001,0.0,Micrometals,0.0,5000.0,Toroid,T,powder,https://datasheets.micrometals.com/OC-292026-2-DataSheet.pdf,,
OC-650026-2,OC 26,26.0,86.16841674480924,1085.6625,8007.817450628091,411.65172132081966,131.8,0.0,Micrometals,0.0,5000.0,Toroid,T,powder,https://datasheets.micrometals.com/OC-650026-2-DataSheet.pdf,,
OD-065026-2,OD 26,26.0,16.191081680957613,20.415249999999997,80.66833737980075,41.196664134240805,19.130000000000003,0.0,Micrometals,0.0,5000.0,Toroid,T,powder,https://datasheets.micrometals.com/OD-065026-2-DataSheet.pdf,,
OD-068026-2H127,OD 26,26.0,38.43613698838003,48.38699999999999,72.75372929079728,41.13127537406106,33.02,0.0,Micrometals,0.0,5000.0,Toroid,T,powder,https://datasheets.micrometals.com/OD-068026-2H127-DataSheet.pdf,,
OD-130026-2,OD 26,26.0,27.985334733901755,69.78180000000002,311.482073267283,81.46946678020163,34.42000000000001,0.0,Micrometals,0.0,5000.0,Toroid,T,powder,https://datasheets.micrometals.com/OD-130026-2-DataSheet.pdf,,
OD-157026-2,OD 26,26.0,37.830145952627475,114.03,456.34126238268556,98.48369159530604,44.71,0.0,Micrometals,0.0,5000.0,Toroid,T,powder,https://datasheets.micrometals.com/OD-157026-2-DataSheet.pdf,,
OD-225026-2,OD 26,26.0,34.270675429712874,150.13559,997.0941144653715,143.13445973828996,49.434,0.0,Micrometals,0.0,5000.0,Toroid,T,powder,https://datasheets.micrometals.com/OD-225026-2-DataSheet.pdf,,
OD-401026-2,OD 26,26.0,40.65983339204491,302.03775,2562.926935982622,242.70506719787403,71.63,0.0,Micrometals,0.0,5000.0,Toroid,T,powder,https://datasheets.micrometals.com/OD-401026-2-DataSheet.pdf,,
OD-292026-2,OD 26,26.0,89.57936494060066,504.0000000000001,1609.189740950257,183.82550561700654,98.80000000000001,0.0,Micrometals,0.0,5000.0,Toroid,T,powder,https://datasheets.micrometals.com/OD-292026-2-DataSheet.pdf,,
OD-650026-2,OD 26,26.0,86.16841674480924,1085.6625,8007.817450628091,411.65172132081966,131.8,0.0,Micrometals,0.0,5000.0,Toroid,T,powder,https://datasheets.micrometals.com/OD-650026-2-DataSheet.pdf,,
MP-065026-2,MP 26,26.0,16.191081680957613,20.415249999999997,80.66833737980075,41.196664134240805,19.130000000000003,0.0,Micrometals,0.0,5000.0,Toroid,T,powder,https://datasheets.micrometals.com/MP-065026-2-DataSheet.pdf,,
MP-068026-2H127,MP 26,26.0,38.43613698838003,48.38699999999999,72.75372929079728,41.13127537406106,33.02,0.0,Micrometals,0.0,5000.0,Toroid,T,powder,https://datasheets.micrometals.com/MP-068026-2H127-DataSheet.pdf,,
MP-106026-2,MP 26,26.0,35.05503563482038,68.1421,169.82292299519762,63.5109066525783,34.55,0.0,Micrometals,0.0,5000.0,Toroid,T,powder,https://datasheets.micrometals.com/MP-106026-2-DataSheet.pdf,,
MP-109026-2,MP 26,26.0,56.47058960492979,109.77095,169.82292299519762,63.5109066525783,48.21,0.0,Micrometals,0.0,5000.0,Toroid,T,powder,https://datasheets.micrometals.com/MP-109026-2-DataSheet.pdf,,
MP-171026-2,MP 26,26.0,41.952522785095134,137.94709999999995,545.9240847758787,107.43300041586643,49.44,0.0,Micrometals,0.0,5000.0,Toroid,T,powder,https://datasheets.micrometals.com/MP-171026-2-DataSheet.pdf,,
MP-226026-2,MP 26,26.0,61.23447310977331,234.3912,545.9240847758787,125.06290982412519,61.24,0.0,Micrometals,0.0,5000.0,Toroid,T,powder,https://datasheets.micrometals.com/MP-226026-2-DataSheet.pdf,,
MP-226026-2H305,MP 26,26.0,122.46894621954662,468.7824,545.9240847758787,125.06290982412519,91.72,0.0,Micrometals,0.0,5000.0,Toroid,T,powder,https://datasheets.micrometals.com/MP-226026-2H305-DataSheet.pdf,,
MP-601026-2,MP 26,26.0,83.02663173650717,903.224,5185.442164799633,355.43587600052325,121.92,0.0,Micrometals,0.0,5000.0,Toroid,T,powder,https://datasheets.micrometals.com/MP-601026-2-DataSheet.pdf,,
FS-065026-2,FS 26,26.0,16.191081680957613,20.415249999999997,80.66833737980075,41.196664134240805,19.130000000000003,0.0,Micrometals,0.0,2000.0,Toroid,T,powder,https://datasheets.micrometals.com/FS-065026-2-DataSheet.pdf,,
PQFS-213140101-026,FS 26,26.0,46.020820973185344,63.79339713862603,65.78000000000003,45.29023561566136,27.64601535159018,0.0,Micrometals,0.0,2000.0,TwoPieceSet,PQ,powder,https://datasheets.micrometals.com/PQFS-213140101-026-DataSheet.pdf,4.600000000000001,14.3
EQFS-265190124-026,FS 26,26.0,65.84811650269319,121.49159789738015,96.46,60.281784349617865,37.69911184307752,0.0,Micrometals,0.0,2000.0,TwoPieceSet,EQ,powder,https://datasheets.micrometals.com/EQFS-265190124-026-DataSheet.pdf,5.299999999999999,18.2
EFS-0411713-026,FS 26,26.0,66.14348131314188,155.52943261721555,164.16199999999998,76.82609347980576,50.0,0.0,Micrometals,0.0,2000.0,TwoPieceSet,E,powder,https://datasheets.micrometals.com/EFS-0411713-026-DataSheet.pdf,7.8999999999999995,20.78
EQFS-415280199-026,FS 26,26.0,72.24111286694749,213.9311881497238,326.15999999999997,96.75488199010063,46.80973053848791,0.0,Micrometals,0.0,2000.0,TwoPieceSet,EQ,powder,https://datasheets.micrometals.com/EQFS-415280199-026-DataSheet.pdf,10.799999999999999,30.200000000000003
EQFS-500320190-026,FS 26,26.0,111.84655463192699,337.43951153258064,314.4,98.57267340137075,62.83185307179587,0.0,Micrometals,0.0,2000.0,TwoPieceSet,EQ,powder,https://datasheets.micrometals.com/EQFS-500320190-026-DataSheet.pdf,11.999999999999998,26.200000000000003
EFS-0803820-026,FS 26,26.0,72.68962751278872,410.57337187200704,1143.3200000000002,184.54468763785948,81.19999999999999,0.0,Micrometals,0.0,2000.0,TwoPieceSet,E,powder,https://datasheets.micrometals.com/EFS-0803820-026-DataSheet.pdf,20.200000000000003,56.599999999999994
EFS-1205532-026,FS 26,26.0,170.12704894530216,1260.3779346005801,1406.8471,242.05309196983433,142.2,0.0,Micrometals,0.0,2000.0,TwoPieceSet,E,powder,https://datasheets.micrometals.com/EFS-1205532-026-DataSheet.pdf,20.395,68.98
OD-050040-2H095,OD 40,40.0,38.82274740621529,24.13,45.30015533879539,31.24214984083708,24.08,0.0,Micrometals,0.0,5000.0,Toroid,T,powder,https://datasheets.micrometals.com/OD-050040-2H095-DataSheet.pdf,,
OD-268040-2,OD 40,40.0,101.75175196698,319.93995000000007,1015.875181153788,158.05070314049246,71.99,0.0,Micrometals,0.0,5000.0,Toroid,T,powder,https://datasheets.micrometals.com/OD-268040-2-DataSheet.pdf,,
FS-065040-2,FS 40,40.0,24.90935643224248,20.415249999999997,80.66833737980075,41.196664134240805,19.130000000000003,0.0,Micrometals,0.0,2000.0,Toroid,T,powder,https://datasheets.micrometals.com/FS-065040-2-DataSheet.pdf,,
EFS-0301507-040,FS 40,40.0,46.03342886026711,61.78863739693241,129.00000000000003,67.46913593102266,28.1,0.0,Micrometals,0.0,2000.0,TwoPieceSet,E,powder,https://datasheets.micrometals.com/EFS-0301507-040-DataSheet.pdf,6.450000000000001,20.0
FS-134040-2,FS 40,40.0,72.67188790391039,117.78540000000002,311.482073267283,81.46946678020163,49.1,0.0,Micrometals,0.0,2000.0,Toroid,T,powder,https://datasheets.micrometals.com/FS-134040-2-DataSheet.pdf,,
EQFS-320220152-040,FS 40,40.0,103.81371524655526,154.64986943925612,162.14999999999998,74.87980062058077,42.411500823462205,0.0,Micrometals,0.0,2000.0,TwoPieceSet,EQ,powder,https://datasheets.micrometals.com/EQFS-320220152-040-DataSheet.pdf,7.05,23.0
PQFS-415280199-040,FS 40,40.0,102.17162202508605,189.02048241561778,325.975,92.99260944125601,46.80973053848791,0.0,Micrometals,0.0,2000.0,TwoPieceSet,PQ,powder,https://datasheets.micrometals.com/PQFS-415280199-040-DataSheet.pdf,11.050000000000002,29.5
EQFS-500320250-040,FS 40,40.0,133.23857051183361,328.18401750692703,467.99999999999994,123.81045452105337,62.83185307179587,0.0,Micrometals,0.0,2000.0,TwoPieceSet,EQ,powder,https://datasheets.micrometals.com/EQFS-500320250-040-DataSheet.pdf,11.999999999999998,39.0
EFS-0802420-040,FS 40,40.0,157.51297806237977,398.96074443825006,554.975,127.31620306756427,79.24000000000001,0.0,Micrometals,0.0,2000.0,TwoPieceSet,E,powder,https://datasheets.micrometals.com/EFS-0802420-040-DataSheet.pdf,19.75,28.1
EFS-1205532-040,FS 40,40.0,261.7339214543111,1260.3779346005801,1406.8471,242.05309196983433,142.2,0.0,Micrometals,0.0,2000.0,TwoPieceSet,E,powder,https://datasheets.micrometals.com/EFS-1205532-040-DataSheet.pdf,20.395,68.98
MS-065040-2,MS 40,40.0,24.90935643224248,20.415249999999997,80.66833737980075,41.196664134240805,19.130000000000003,0.0,Micrometals,0.0,5000.0,Toroid,T,powder,https://datasheets.micrometals.com/MS-065040-2-DataSheet.pdf,,
EMS-0301507-040,MS 40,40.0,46.03342886026711,61.78863739693241,129.00000000000003,67.46913593102266,28.1,0.0,Micrometals,0.0,5000.0,TwoPieceSet,E,powder,https://datasheets.micrometals.com/EMS-0301507-040-DataSheet.pdf,6.450000000000001,20.0
MS-134040-2,MS 40,40.0,72.67188790391039,117.78540000000002,311.482073267283,81.46946678020163,49.1,0.0,Micrometals,0.0,5000.0,Toroid,T,powder,https://datasheets.micrometals.com/MS-134040-2-DataSheet.pdf,,
EQMS-320220152-040,MS 40,40.0,103.81371524655526,154.64986943925612,162.14999999999998,74.87980062058077,42.411500823462205,0.0,Micrometals,0.0,5000.0,TwoPieceSet,EQ,powder,https://datasheets.micrometals.com/EQMS-320220152-040-DataSheet.pdf,7.05,23.0
MS-184040-2,MS 40,40.0,95.36347539209682,203.82915,456.34126238268556,107.43705094129075,58.67,0.0,Micrometals,0.0,5000.0,Toroid,T,powder,https://datasheets.micrometals.com/MS-184040-2-DataSheet.pdf,,
PQMS-510320250-040,MS 40,40.0,146.83046543261213,331.51323344024377,433.19999999999993,113.48920382974936,62.83185307179587,0.0,Micrometals,0.0,5000.0,TwoPieceSet,PQ,powder,https://datasheets.micrometals.com/PQMS-510320250-040-DataSheet.pdf,11.999999999999998,36.1
EMS-0803820-040,MS 40,40.0,111.83019617352112,410.57337187200704,1143.3200000000002,184.54468763785948,81.19999999999999,0.0,Micrometals,0.0,5000.0,TwoPieceSet,E,powder,https://datasheets.micrometals.com/EMS-0803820-040-DataSheet.pdf,20.200000000000003,56.599999999999994
EMS-1205532-040,MS 40,40.0,261.7339214543111,1260.3779346005801,1406.8471,242.05309196983433,142.2,0.0,Micrometals,0.0,5000.0,TwoPieceSet,E,powder,https://datasheets.micrometals.com/EMS-1205532-040-DataSheet.pdf,20.395,68.98
OE-050040-2H095,OE 40,40.0,38.82274740621529,24.13,45.30015533879539,31.24214984083708,24.08,0.0,Micrometals,0.0,5000.0,Toroid,T,powder,https://datasheets.micrometals.com/OE-050040-2H095-DataSheet.pdf,,
OE-092040-2,OE 40,40.0,35.04413181723596,40.760650000000005,162.28613540508545,58.46495921810846,26.950000000000003,0.0,Micrometals,0.0,5000.0,Toroid,T,powder,https://datasheets.micrometals.com/OE-092040-2-DataSheet.pdf,,
OE-130040-2,OE 40,40.0,43.05436112907962,69.78180000000002,311.482073267283,81.46946678020163,34.42000000000001,0.0,Micrometals,0.0,5000.0,Toroid,T,powder,https://datasheets.micrometals.com/OE-130040-2-DataSheet.pdf,,
OE-157040-2,OE 40,40.0,58.200224542503804,114.03,456.34126238268556,98.48369159530604,44.71,0.0,Micrometals,0.0,5000.0,Toroid,T,powder,https://datasheets.micrometals.com/OE-157040-2-DataSheet.pdf,,
OE-185040-2,OE 40,40.0,59.46077491759905,137.4648,645.7800408100164,116.20660010722324,48.519999999999996,0.0,Micrometals,0.0,5000.0,Toroid,T,powder,https://datasheets.micrometals.com/OE-185040-2-DataSheet.pdf,,
OE-184040-2,OE 40,40.0,95.36347539209682,203.82915,456.34126238268556,107.43705094129075,58.67,0.0,Micrometals,0.0,5000.0,Toroid,T,powder,https://datasheets.micrometals.com/OE-184040-2-DataSheet.pdf,,
OE-400040-2,OE 40,40.0,75.99409625886246,366.93475,2562.926935982622,242.70506719787403,77.47,0.0,Micrometals,0.0,5000.0,Toroid,T,powder,https://datasheets.micrometals.com/OE-400040-2-DataSheet.pdf,,
OE-521040-2,OE 40,40.0,106.20045242610188,685.165,4847.788775240934,324.29380950061693,104.75,0.0,Micrometals,0.0,5000.0,Toroid,T,powder,https://datasheets.micrometals.com/OE-521040-2-DataSheet.pdf,,
GX-065060-2,GX 60,60.0,37.36403464836372,20.415249999999997,80.66833737980075,41.196664134240805,19.130000000000003,0.0,Micrometals,0.0,5000.0,Toroid,T,powder,https://datasheets.micrometals.com/GX-065060-2-DataSheet.pdf,,
GX-090060-2,GX 60,60.0,45.032049797342296,33.87089999999999,152.7221409074649,56.710847188708456,24.13,0.0,Micrometals,0.0,5000.0,Toroid,T,powder,https://datasheets.micrometals.com/GX-090060-2-DataSheet.pdf,,
GX-080060-2H127,GX 60,60.0,71.6285530970501,48.38700000000001,126.17066900275601,50.933513127912576,33.02,0.0,Micrometals,0.0,5000.0,Toroid,T,powder,https://datasheets.micrometals.com/GX-080060-2H127-DataSheet.pdf,,
GX-106060-2,GX 60,60.0,80.89623608035471,68.1421,169.82292299519762,63.5109066525783,34.55,0.0,Micrometals,0.0,5000.0,Toroid,T,powder,https://datasheets.micrometals.com/GX-106060-2-DataSheet.pdf,,
GX-108060-2,GX 60,60.0,101.30119008273398,85.33,169.82292299519762,63.5109066525783,40.190000000000005,0.0,Micrometals,0.0,5000.0,Toroid,T,powder,https://datasheets.micrometals.com/GX-108060-2-DataSheet.pdf,,
GX-134060-2,GX 60,60.0,109.0078318558656,117.78540000000002,311.482073267283,81.46946678020163,49.1,0.0,Micrometals,0.0,5000.0,Toroid,T,powder,https://datasheets.micrometals.com/GX-134060-2-DataSheet.pdf,,
GX-171060-2,GX 60,60.0,96.8135141194503,137.94709999999995,545.9240847758787,107.43300041586643,49.44,0.0,Micrometals,0.0,5000.0,Toroid,T,powder,https://datasheets.micrometals.com/GX-171060-2-DataSheet.pdf,,
GX-226060-2H305,GX 60,60.0,282.6206451220306,468.7824,545.9240847758787,125.06290982412519,91.72,0.0,Micrometals,0.0,5000.0,Toroid,T,powder,https://datasheets.micrometals.com/GX-226060-2H305-DataSheet.pdf,,
MP-065060-2,MP 60,60.0,37.36403464836372,20.415249999999997,80.66833737980075,41.196664134240805,19.130000000000003,0.0,Micrometals,0.0,5000.0,Toroid,T,powder,https://datasheets.micrometals.com/MP-065060-2-DataSheet.pdf,,
MP-068060-2H127,MP 60,60.0,88.69877766549236,48.38699999999999,72.75372929079728,41.13127537406106,33.02,0.0,Micrometals,0.0,5000.0,Toroid,T,powder,https://datasheets.micrometals.com/MP-068060-2H127-DataSheet.pdf,,
MP-106060-2,MP 60,60.0,80.89623608035471,68.1421,169.82292299519762,63.5109066525783,34.55,0.0,Micrometals,0.0,5000.0,Toroid,T,powder,https://datasheets.micrometals.com/MP-106060-2-DataSheet.pdf,,
MP-109060-2,MP 60,60.0,130.31674524214563,109.77095,169.82292299519762,63.5109066525783,48.21,0.0,Micrometals,0.0,5000.0,Toroid,T,powder,https://datasheets.micrometals.com/MP-109060-2-DataSheet.pdf,,
MP-171060-2,MP 60,60.0,96.8135141194503,137.94709999999995,545.9240847758787,107.43300041586643,49.44,0.0,Micrometals,0.0,5000.0,Toroid,T,powder,https://datasheets.micrometals.com/MP-171060-2-DataSheet.pdf,,
MP-226060-2,MP 60,60.0,141.3103225610153,234.3912,545.9240847758787,125.06290982412519,61.24,0.0,Micrometals,0.0,5000.0,Toroid,T,powder,https://datasheets.micrometals.com/MP-226060-2-DataSheet.pdf,,
MP-226060-2H305,MP 60,60.0,282.6206451220306,468.7824,545.9240847758787,125.06290982412519,91.72,0.0,Micrometals,0.0,5000.0,Toroid,T,powder,https://datasheets.micrometals.com/MP-226060-2H305-DataSheet.pdf,,
MP-601060-2,MP 60,60.0,191.5999193919396,903.224,5185.442164799633,355.43587600052325,121.92,0.0,Micrometals,0.0,5000.0,Toroid,T,powder,https://datasheets.micrometals.com/MP-601060-2-DataSheet.pdf,,
HF-065060-2,HF 60,60.0,37.36403464836372,20.415249999999997,80.66833737980075,41.196664134240805,19.130000000000003,0.0,Micrometals,0.0,5000.0,Toroid,T,powder,https://datasheets.micrometals.com/HF-065060-2-DataSheet.pdf,,
EQHF-205140055-060,HF 60,60.0,129.14951449878316,59.37475847717731,37.72000000000002,34.663322880829135,27.64601535159018,0.0,Micrometals,0.0,5000.0,TwoPieceSet,EQ,powder,https://datasheets.micrometals.com/EQHF-205140055-060-DataSheet.pdf,4.600000000000001,8.200000000000001
EQHF-320220085-060,HF 60,60.0,177.9155193871707,117.38196488670704,90.24000000000001,49.74491081909815,42.411500823462205,0.0,Micrometals,0.0,5000.0,TwoPieceSet,EQ,powder,https://datasheets.micrometals.com/EQHF-320220085-060-DataSheet.pdf,7.05,12.8
EQHF-320220095-060,HF 60,60.0,204.03704736526575,144.95559506906892,90.24000000000001,53.56573486388303,42.411500823462205,0.0,Micrometals,0.0,5000.0,TwoPieceSet,EQ,powder,https://datasheets.micrometals.com/EQHF-320220095-060-DataSheet.pdf,7.05,12.8
EQHF-320220134-060,HF 60,60.0,249.91332381417376,184.24842422696136,90.24000000000001,55.58728799115807,42.411500823462205,0.0,Micrometals,0.0,5000.0,TwoPieceSet,EQ,powder,https://datasheets.micrometals.com/EQHF-320220134-060-DataSheet.pdf,7.05,12.8
EQHF-360260164-060,HF 60,60.0,284.933947746732,227.54403853118578,123.20000000000002,60.211906834194345,45.23893421169302,0.0,Micrometals,0.0,5000.0,TwoPieceSet,EQ,powder,https://datasheets.micrometals.com/EQHF-360260164-060-DataSheet.pdf,8.8,14.0
EQHF-500320160-060,HF 60,60.0,296.06965559322117,340.12418633487243,242.39999999999995,86.61731791110087,62.83185307179587,0.0,Micrometals,0.0,5000.0,TwoPieceSet,EQ,powder,https://datasheets.micrometals.com/EQHF-500320160-060-DataSheet.pdf,11.999999999999998,20.2
HF-601060-2,HF 60,60.0,191.5999193919396,903.224,5185.442164799633,355.43587600052325,121.92,0.0,Micrometals,0.0,5000.0,Toroid,T,powder,https://datasheets.micrometals.com/HF-601060-2-DataSheet.pdf,,
OD-065060-2,OD 60,60.0,37.36403464836372,20.415249999999997,80.66833737980075,41.196664134240805,19.130000000000003,0.0,Micrometals,0.0,5000.0,Toroid,T,powder,https://datasheets.micrometals.com/OD-065060-2-DataSheet.pdf,,
OD-068060-2H127,OD 60,60.0,88.69877766549236,48.38699999999999,72.75372929079728,41.13127537406106,33.02,0.0,Micrometals,0.0,5000.0,Toroid,T,powder,https://datasheets.micrometals.com/OD-068060-2H127-DataSheet.pdf,,
OD-130060-2,OD 60,60.0,64.58154169361943,69.78180000000002,311.482073267283,81.46946678020163,34.42000000000001,0.0,Micrometals,0.0,5000.0,Toroid,T,powder,https://datasheets.micrometals.com/OD-130060-2-DataSheet.pdf,,
OD-157060-2,OD 60,60.0,87.3003368137557,114.03,456.34126238268556,98.48369159530604,44.71,0.0,Micrometals,0.0,5000.0,Toroid,T,powder,https://datasheets.micrometals.com/OD-157060-2-DataSheet.pdf,,
OD-225060-2,OD 60,60.0,79.08617406856816,150.13559,997.0941144653715,143.13445973828996,49.434,0.0,Micrometals,0.0,5000.0,Toroid,T,powder,https://datasheets.micrometals.com/OD-225060-2-DataSheet.pdf,,
OD-401060-2,OD 60,60.0,93.83038475087288,302.03775,2562.926935982622,242.70506719787403,71.63,0.0,Micrometals,0.0,5000.0,Toroid,T,powder,https://datasheets.micrometals.com/OD-401060-2-DataSheet.pdf,,
OD-292060-2,OD 60,60.0,206.72161140138613,504.0000000000001,1609.189740950257,183.82550561700654,98.80000000000001,0.0,Micrometals,0.0,5000.0,Toroid,T,powder,https://datasheets.micrometals.com/OD-292060-2-DataSheet.pdf,,
OD-650060-2,OD 60,60.0,198.85019248802132,1085.6625,8007.817450628091,411.65172132081966,131.8,0.0,Micrometals,0.0,5000.0,Toroid,T,powder,https://datasheets.micrometals.com/OD-650060-2-DataSheet.pdf,,
FS-065060-2,FS 60,60.0,37.36403464836372,20.415249999999997,80.66833737980075,41.196664134240805,19.130000000000003,0.0,Micrometals,0.0,2000.0,Toroid,T,powder,https://datasheets.micrometals.com/FS-065060-2-DataSheet.pdf,,
PQFS-213140101-060,FS 60,60.0,106.20189455350464,63.79339713862603,65.78000000000003,45.29023561566136,27.64601535159018,0.0,Micrometals,0.0,2000.0,TwoPieceSet,PQ,powder,https://datasheets.micrometals.com/PQFS-213140101-060-DataSheet.pdf,4.600000000000001,14.3
EQFS-265190124-060,FS 60,60.0,151.95719192929195,121.49159789738015,96.46,60.281784349617865,37.69911184307752,0.0,Micrometals,0.0,2000.0,TwoPieceSet,EQ,powder,https://datasheets.micrometals.com/EQFS-265190124-060-DataSheet.pdf,5.299999999999999,18.2
EFS-0411713-060,FS 60,60.0,152.63880303032744,155.52943261721555,164.16199999999998,76.82609347980576,50.0,0.0,Micrometals,0.0,2000.0,TwoPieceSet,E,powder,https://datasheets.micrometals.com/EFS-0411713-060-DataSheet.pdf,7.8999999999999995,20.78
EQFS-360260140-060,FS 60,60.0,269.2093098303582,218.0130365138731,123.20000000000002,61.059536551425865,45.23893421169302,0.0,Micrometals,0.0,2000.0,TwoPieceSet,EQ,powder,https://datasheets.micrometals.com/EQFS-360260140-060-DataSheet.pdf,8.8,14.0
EQFS-500320180-060,FS 60,60.0,269.63153746182627,338.2500012559421,290.4,94.58629912737287,62.83185307179587,0.0,Micrometals,0.0,2000.0,TwoPieceSet,EQ,powder,https://datasheets.micrometals.com/EQFS-500320180-060-DataSheet.pdf,11.999999999999998,24.2
EFS-0552825-060,FS 60,60.0,255.92064047364946,419.5656976194024,399.7349999999999,123.61061718819273,83.10000000000001,0.0,Micrometals,0.0,2000.0,TwoPieceSet,E,powder,https://datasheets.micrometals.com/EFS-0552825-060-DataSheet.pdf,10.574999999999998,37.8
EFS-1205532-060,FS 60,60.0,392.60088218146655,1260.3779346005801,1406.8471,242.05309196983433,142.2,0.0,Micrometals,0.0,2000.0,TwoPieceSet,E,powder,https://datasheets.micrometals.com/EFS-1205532-060-DataSheet.pdf,20.395,68.98
SM-065060-2,SM 60,60.0,37.36403464836372,20.415249999999997,80.66833737980075,41.196664134240805,19.130000000000003,0.0,Micrometals,0.0,5000.0,Toroid,T,powder,https://datasheets.micrometals.com/SM-065060-2-DataSheet.pdf,,
SM-092060-2,SM 60,60.0,52.566197725853925,40.760650000000005,162.28613540508545,58.46495921810846,26.950000000000003,0.0,Micrometals,0.0,5000.0,Toroid,T,powder,https://datasheets.micrometals.com/SM-092060-2-DataSheet.pdf,,
SM-106060-2,SM 60,60.0,80.89623608035471,68.1421,169.82292299519762,63.5109066525783,34.55,0.0,Micrometals,0.0,5000.0,Toroid,T,powder,https://datasheets.micrometals.com/SM-106060-2-DataSheet.pdf,,
SM-133060-2,SM 60,60.0,84.73679322499268,91.56000000000002,311.482073267283,81.46946678020163,41.080000000000005,0.0,Micrometals,0.0,5000.0,Toroid,T,powder,https://datasheets.micrometals.com/SM-133060-2-DataSheet.pdf,,
SM-185060-2,SM 60,60.0,89.19116237639857,137.4648,645.7800408100164,116.20660010722324,48.519999999999996,0.0,Micrometals,0.0,5000.0,Toroid,T,powder,https://datasheets.micrometals.com/SM-185060-2-DataSheet.pdf,,
SM-184060-2,SM 60,60.0,143.04521308814518,203.82915,456.34126238268556,107.43705094129075,58.67,0.0,Micrometals,0.0,5000.0,Toroid,T,powder,https://datasheets.micrometals.com/SM-184060-2-DataSheet.pdf,,
SM-250060-2,SM 60,60.0,211.4717425627741,401.4643499999999,771.641089237736,143.13826753629482,82.10999999999999,0.0,Micrometals,0.0,5000.0,Toroid,T,powder,https://datasheets.micrometals.com/SM-250060-2-DataSheet.pdf,,
SM-521060-2,SM 60,60.0,159.3006786391528,685.165,4847.788775240934,324.29380950061693,104.75,0.0,Micrometals,0.0,5000.0,Toroid,T,powder,https://datasheets.micrometals.com/SM-521060-2-DataSheet.pdf,,
OC-065060-2,OC 60,60.0,37.36403464836372,20.415249999999997,80.66833737980075,41.196664134240805,19.130000000000003,0.0,Micrometals,0.0,5000.0,Toroid,T,powder,https://datasheets.micrometals.com/OC-065060-2-DataSheet.pdf,,
OC-068060-2H127,OC 60,60.0,88.69877766549236,48.38699999999999,72.75372929079728,41.13127537406106,33.02,0.0,Micrometals,0.0,5000.0,Toroid,T,powder,https://datasheets.micrometals.com/OC-068060-2H127-DataSheet.pdf,,
OC-130060-2,OC 60,60.0,64.58154169361943,69.78180000000002,311.482073267283,81.46946678020163,34.42000000000001,0.0,Micrometals,0.0,5000.0,Toroid,T,powder,https://datasheets.micrometals.com/OC-130060-2-DataSheet.pdf,,
OC-157060-2,OC 60,60.0,87.3003368137557,114.03,456.34126238268556,98.48369159530604,44.71,0.0,Micrometals,0.0,5000.0,Toroid,T,powder,https://datasheets.micrometals.com/OC-157060-2-DataSheet.pdf,,
OC-225060-2,OC 60,60.0,79.08617406856816,150.13559,997.0941144653715,143.13445973828996,49.434,0.0,Micrometals,0.0,5000.0,Toroid,T,powder,https://datasheets.micrometals.com/OC-225060-2-DataSheet.pdf,,
OC-401060-2,OC 60,60.0,93.83038475087288,302.03775,2562.926935982622,242.70506719787403,71.63,0.0,Micrometals,0.0,5000.0,Toroid,T,powder,https://datasheets.micrometals.com/OC-401060-2-DataSheet.pdf,,
OC-292060-2,OC 60,60.0,206.72161140138613,504.0000000000001,1609.189740950257,183.82550561700654,98.80000000000001,0.0,Micrometals,0.0,5000.0,Toroid,T,powder,https://datasheets.micrometals.com/OC-292060-2-DataSheet.pdf,,
OC-650060-2,OC 60,60.0,198.85019248802132,1085.6625,8007.817450628091,411.65172132081966,131.8,0.0,Micrometals,0.0,5000.0,Toroid,T,powder,https://datasheets.micrometals.com/OC-650060-2-DataSheet.pdf,,
MS-065060-2,MS 60,60.0,37.36403464836372,20.415249999999997,80.66833737980075,41.196664134240805,19.130000000000003,0.0,Micrometals,0.0,5000.0,Toroid,T,powder,https://datasheets.micrometals.com/MS-065060-2-DataSheet.pdf,,
PQMS-213140101-060,MS 60,60.0,106.20189455350464,63.79339713862603,65.78000000000003,45.29023561566136,27.64601535159018,0.0,Micrometals,0.0,5000.0,TwoPieceSet,PQ,powder,https://datasheets.micrometals.com/PQMS-213140101-060-DataSheet.pdf,4.600000000000001,14.3
EQMS-265190101-060,MS 60,60.0,179.52742467844976,121.73113246901625,72.07999999999998,51.12484163300989,37.69911184307752,0.0,Micrometals,0.0,5000.0,TwoPieceSet,EQ,powder,https://datasheets.micrometals.com/EQMS-265190101-060-DataSheet.pdf,5.299999999999999,13.6
EQMS-320220103-060,MS 60,60.0,215.14960419274388,155.73508669361553,90.24000000000001,54.576669784568374,42.411500823462205,0.0,Micrometals,0.0,5000.0,TwoPieceSet,EQ,powder,https://datasheets.micrometals.com/EQMS-320220103-060-DataSheet.pdf,7.05,12.8
EQMS-415280150-060,MS 60,60.0,211.54349019733246,218.4798523683986,220.32,77.87047837976141,46.80973053848791,0.0,Micrometals,0.0,5000.0,TwoPieceSet,EQ,powder,https://datasheets.micrometals.com/EQMS-415280150-060-DataSheet.pdf,10.799999999999999,20.400000000000002
EQMS-500320175-060,MS 60,60.0,275.7883012071362,338.6846039005391,278.3999999999999,92.59354879150652,62.83185307179587,0.0,Micrometals,0.0,5000.0,TwoPieceSet,EQ,powder,https://datasheets.micrometals.com/EQMS-500320175-060-DataSheet.pdf,11.999999999999998,23.2
MS-306060-2,MS 60,60.0,211.60708952709575,497.28779999999995,1213.9410683175856,177.18979484378212,90.17999999999999,0.0,Micrometals,0.0,5000.0,Toroid,T,powder,https://datasheets.micrometals.com/MS-306060-2-DataSheet.pdf,,
EMS-1205532-060,MS 60,60.0,392.60088218146655,1260.3779346005801,1406.8471,242.05309196983433,142.2,0.0,Micrometals,0.0,5000.0,TwoPieceSet,E,powder,https://datasheets.micrometals.com/EMS-1205532-060-DataSheet.pdf,20.395,68.98
OE-065060-2,OE 60,60.0,37.36403464836372,20.415249999999997,80.66833737980075,41.196664134240805,19.130000000000003,0.0,Micrometals,0.0,5000.0,Toroid,T,powder,https://datasheets.micrometals.com/OE-065060-2-DataSheet.pdf,,
OE-068060-2H127,OE 60,60.0,88.69877766549236,48.38699999999999,72.75372929079728,41.13127537406106,33.02,0.0,Micrometals,0.0,5000.0,Toroid,T,powder,https://datasheets.micrometals.com/OE-068060-2H127-DataSheet.pdf,,
OE-130060-2,OE 60,60.0,64.58154169361943,69.78180000000002,311.482073267283,81.46946678020163,34.42000000000001,0.0,Micrometals,0.0,5000.0,Toroid,T,powder,https://datasheets.micrometals.com/OE-130060-2-DataSheet.pdf,,
OE-157060-2,OE 60,60.0,87.3003368137557,114.03,456.34126238268556,98.48369159530604,44.71,0.0,Micrometals,0.0,5000.0,Toroid,T,powder,https://datasheets.micrometals.com/OE-157060-2-DataSheet.pdf,,
OE-225060-2,OE 60,60.0,79.08617406856816,150.13559,997.0941144653715,143.13445973828996,49.434,0.0,Micrometals,0.0,5000.0,Toroid,T,powder,https://datasheets.micrometals.com/OE-225060-2-DataSheet.pdf,,
OE-401060-2,OE 60,60.0,93.83038475087288,302.03775,2562.926935982622,242.70506719787403,71.63,0.0,Micrometals,0.0,5000.0,Toroid,T,powder,https://datasheets.micrometals.com/OE-401060-2-DataSheet.pdf,,
OE-292060-2,OE 60,60.0,206.72161140138613,504.0000000000001,1609.189740950257,183.82550561700654,98.80000000000001,0.0,Micrometals,0.0,5000.0,Toroid,T,powder,https://datasheets.micrometals.com/OE-292060-2-DataSheet.pdf,,
OE-650060-2,OE 60,60.0,198.85019248802132,1085.6625,8007.817450628091,411.65172132081966,131.8,0.0,Micrometals,0.0,5000.0,Toroid,T,powder,https://datasheets.micrometals.com/OE-650060-2-DataSheet.pdf,,
MS-065075-2,MS 75,75.0,46.70504331045465,20.415249999999997,80.66833737980075,41.196664134240805,19.130000000000003,0.0,Micrometals,0.0,5000.0,Toroid,T,powder,https://datasheets.micrometals.com/MS-065075-2-DataSheet.pdf,,
MS-068075-2H127,MS 75,75.0,110.87347208186546,48.38699999999999,72.75372929079728,41.13127537406106,33.02,0.0,Micrometals,0.0,5000.0,Toroid,T,powder,https://datasheets.micrometals.com/MS-068075-2H127-DataSheet.pdf,,
MS-141075-2,MS 75,75.0,73.9627953969748,70.39580000000002,391.4328354164228,89.70250256358834,34.38000000000001,0.0,Micrometals,0.0,5000.0,Toroid,T,powder,https://datasheets.micrometals.com/MS-141075-2-DataSheet.pdf,,
MS-200075-2,MS 75,75.0,94.89373274471399,128.2065,790.4641740995754,127.33378281978145,45.97,0.0,Micrometals,0.0,5000.0,Toroid,T,powder,https://datasheets.micrometals.com/MS-200075-2-DataSheet.pdf,,
MS-184075-2,MS 75,75.0,178.80651636018152,203.82915,456.34126238268556,107.43705094129075,58.67,0.0,Micrometals,0.0,5000.0,Toroid,T,powder,https://datasheets.micrometals.com/MS-184075-2-DataSheet.pdf,,
EMS-0722819-075,MS 75,75.0,261.01664580338155,376.16934113606976,596.045,135.82706593076747,76.2,0.0,Micrometals,0.0,5000.0,TwoPieceSet,E,powder,https://datasheets.micrometals.com/EMS-0722819-075-DataSheet.pdf,16.79,35.5
EMS-0653327-075,MS 75,75.0,344.5077473201309,536.9693410778119,571.7800000000001,146.89994204096365,93.3,0.0,Micrometals,0.0,5000.0,TwoPieceSet,E,powder,https://datasheets.micrometals.com/EMS-0653327-075-DataSheet.pdf,12.650000000000002,45.2
EMS-1205532-075,MS 75,75.0,490.75110272683327,1260.3779346005801,1406.8471,242.05309196983433,142.2,0.0,Micrometals,0.0,5000.0,TwoPieceSet,E,powder,https://datasheets.micrometals.com/EMS-1205532-075-DataSheet.pdf,20.395,68.98
OE-065075-2,OE 75,75.0,46.70504331045465,20.415249999999997,80.66833737980075,41.196664134240805,19.130000000000003,0.0,Micrometals,0.0,5000.0,Toroid,T,powder,https://datasheets.micrometals.com/OE-065075-2-DataSheet.pdf,,
OE-092075-2,OE 75,75.0,65.70774715731743,40.760650000000005,162.28613540508545,58.46495921810846,26.950000000000003,0.0,Micrometals,0.0,5000.0,Toroid,T,powder,https://datasheets.micrometals.com/OE-092075-2-DataSheet.pdf,,
OE-131075-2,OE 75,75.0,66.27627755811929,57.29040000000001,311.482073267283,81.46946678020163,30.6,0.0,Micrometals,0.0,5000.0,Toroid,T,powder,https://datasheets.micrometals.com/OE-131075-2-DataSheet.pdf,,
OE-108075-2,OE 75,75.0,126.62648760341746,85.33,169.82292299519762,63.5109066525783,40.190000000000005,0.0,Micrometals,0.0,5000.0,Toroid,T,powder,https://datasheets.micrometals.com/OE-108075-2-DataSheet.pdf,,
OE-134075-2,OE 75,75.0,136.259789819832,117.78540000000002,311.482073267283,81.46946678020163,49.1,0.0,Micrometals,0.0,5000.0,Toroid,T,powder,https://datasheets.micrometals.com/OE-134075-2-DataSheet.pdf,,
OE-350075-2,OE 75,75.0,71.0023936616504,181.92059999999998,3419.598028637759,241.47936049316675,54.699999999999996,0.0,Micrometals,0.0,5000.0,Toroid,T,powder,https://datasheets.micrometals.com/OE-350075-2-DataSheet.pdf,,
OE-268075-2,OE 75,75.0,190.7845349380875,319.93995000000007,1015.875181153788,158.05070314049246,71.99,0.0,Micrometals,0.0,5000.0,Toroid,T,powder,https://datasheets.micrometals.com/OE-268075-2-DataSheet.pdf,,
OE-292075-2,OE 75,75.0,258.4020142517327,504.0000000000001,1609.189740950257,183.82550561700654,98.80000000000001,0.0,Micrometals,0.0,5000.0,Toroid,T,powder,https://datasheets.micrometals.com/OE-292075-2-DataSheet.pdf,,
FS-065075-2,FS 75,75.0,46.70504331045465,20.415249999999997,80.66833737980075,41.196664134240805,19.130000000000003,0.0,Micrometals,0.0,2000.0,Toroid,T,powder,https://datasheets.micrometals.com/FS-065075-2-DataSheet.pdf,,
FS-068075-2H127,FS 75,75.0,110.87347208186546,48.38699999999999,72.75372929079728,41.13127537406106,33.02,0.0,Micrometals,0.0,2000.0,Toroid,T,powder,https://datasheets.micrometals.com/FS-068075-2H127-DataSheet.pdf,,
FS-106075-2,FS 75,75.0,101.1202951004434,68.1421,169.82292299519762,63.5109066525783,34.55,0.0,Micrometals,0.0,2000.0,Toroid,T,powder,https://datasheets.micrometals.com/FS-106075-2-DataSheet.pdf,,
FS-109075-2,FS 75,75.0,162.89593155268207,109.77095,169.82292299519762,63.5109066525783,48.21,0.0,Micrometals,0.0,2000.0,Toroid,T,powder,https://datasheets.micrometals.com/FS-109075-2-DataSheet.pdf,,
FS-171075-2,FS 75,75.0,121.0168926493129,137.94709999999995,545.9240847758787,107.43300041586643,49.44,0.0,Micrometals,0.0,2000.0,Toroid,T,powder,https://datasheets.micrometals.com/FS-171075-2-DataSheet.pdf,,
FS-226075-2,FS 75,75.0,176.63790320126915,234.3912,545.9240847758787,125.06290982412519,61.24,0.0,Micrometals,0.0,2000.0,Toroid,T,powder,https://datasheets.micrometals.com/FS-226075-2-DataSheet.pdf,,
FS-226075-2H305,FS 75,75.0,353.2758064025383,468.7824,545.9240847758787,125.06290982412519,91.72,0.0,Micrometals,0.0,2000.0,Toroid,T,powder,https://datasheets.micrometals.com/FS-226075-2H305-DataSheet.pdf,,
FS-601075-2,FS 75,75.0,239.4998992399245,903.224,5185.442164799633,355.43587600052325,121.92,0.0,Micrometals,0.0,2000.0,Toroid,T,powder,https://datasheets.micrometals.com/FS-601075-2-DataSheet.pdf,,
FS-065090-2,FS 90,90.0,56.04605197254558,20.415249999999997,80.66833737980075,41.196664134240805,19.130000000000003,0.0,Micrometals,0.0,2000.0,Toroid,T,powder,https://datasheets.micrometals.com/FS-065090-2-DataSheet.pdf,,
FS-092090-2,FS 90,90.0,78.8492965887809,40.760650000000005,162.28613540508545,58.46495921810846,26.950000000000003,0.0,Micrometals,0.0,2000.0,Toroid,T,powder,https://datasheets.micrometals.com/FS-092090-2-DataSheet.pdf,,
FS-131090-2,FS 90,90.0,79.53153306974313,57.29040000000001,311.482073267283,81.46946678020163,30.6,0.0,Micrometals,0.0,2000.0,Toroid,T,powder,https://datasheets.micrometals.com/FS-131090-2-DataSheet.pdf,,
FS-108090-2,FS 90,90.0,151.95178512410095,85.33,169.82292299519762,63.5109066525783,40.190000000000005,0.0,Micrometals,0.0,2000.0,Toroid,T,powder,https://datasheets.micrometals.com/FS-108090-2-DataSheet.pdf,,
FS-200090-2,FS 90,90.0,113.87247929365677,128.2065,790.4641740995754,127.33378281978145,45.97,0.0,Micrometals,0.0,2000.0,Toroid,T,powder,https://datasheets.micrometals.com/FS-200090-2-DataSheet.pdf,,
FS-350090-2,FS 90,90.0,85.20287239398048,181.92059999999998,3419.598028637759,241.47936049316675,54.699999999999996,0.0,Micrometals,0.0,2000.0,Toroid,T,powder,https://datasheets.micrometals.com/FS-350090-2-DataSheet.pdf,,
FS-268090-2,FS 90,90.0,228.94144192570496,319.93995000000007,1015.875181153788,158.05070314049246,71.99,0.0,Micrometals,0.0,2000.0,Toroid,T,powder,https://datasheets.micrometals.com/FS-268090-2-DataSheet.pdf,,
FS-292090-2,FS 90,90.0,310.0824171020792,504.0000000000001,1609.189740950257,183.82550561700654,98.80000000000001,0.0,Micrometals,0.0,2000.0,Toroid,T,powder,https://datasheets.micrometals.com/FS-292090-2-DataSheet.pdf,,
MS-065090-2,MS 90,90.0,56.04605197254558,20.415249999999997,80.66833737980075,41.196664134240805,19.130000000000003,0.0,Micrometals,0.0,5000.0,Toroid,T,powder,https://datasheets.micrometals.com/MS-065090-2-DataSheet.pdf,,
MS-080090-2H127,MS 90,90.0,107.44282964557515,48.38700000000001,126.17066900275601,50.933513127912576,33.02,0.0,Micrometals,0.0,5000.0,Toroid,T,powder,https://datasheets.micrometals.com/MS-080090-2H127-DataSheet.pdf,,
MS-132090-2,MS 90,90.0,101.50257302736625,73.11720000000001,311.482073267283,81.46946678020163,35.44,0.0,Micrometals,0.0,5000.0,Toroid,T,powder,https://datasheets.micrometals.com/MS-132090-2-DataSheet.pdf,,
MS-185090-2,MS 90,90.0,133.78674356459786,137.4648,645.7800408100164,116.20660010722324,48.519999999999996,0.0,Micrometals,0.0,5000.0,Toroid,T,powder,https://datasheets.micrometals.com/MS-185090-2-DataSheet.pdf,,
EMS-0432120-090,MS 90,90.0,271.2509464369228,233.51619906349666,274.9725,97.36393647251953,63.1,0.0,Micrometals,0.0,5000.0,TwoPieceSet,E,powder,https://datasheets.micrometals.com/EMS-0432120-090-DataSheet.pdf,9.075,30.3
MS-250090-2,MS 90,90.0,317.2076138441612,401.4643499999999,771.641089237736,143.13826753629482,82.10999999999999,0.0,Micrometals,0.0,5000.0,Toroid,T,powder,https://datasheets.micrometals.com/MS-250090-2-DataSheet.pdf,,
EMS-0653327-090,MS 90,90.0,413.4092967841571,536.9693410778119,571.7800000000001,146.89994204096365,93.3,0.0,Micrometals,0.0,5000.0,TwoPieceSet,E,powder,https://datasheets.micrometals.com/EMS-0653327-090-DataSheet.pdf,12.650000000000002,45.2
EMS-1205532-090,MS 90,90.0,588.9013232721999,1260.3779346005801,1406.8471,242.05309196983433,142.2,0.0,Micrometals,0.0,5000.0,TwoPieceSet,E,powder,https://datasheets.micrometals.com/EMS-1205532-090-DataSheet.pdf,20.395,68.98
OE-065090-2,OE 90,90.0,56.04605197254558,20.415249999999997,80.66833737980075,41.196664134240805,19.130000000000003,0.0,Micrometals,0.0,5000.0,Toroid,T,powder,https://datasheets.micrometals.com/OE-065090-2-DataSheet.pdf,,
OE-092090-2,OE 90,90.0,78.8492965887809,40.760650000000005,162.28613540508545,58.46495921810846,26.950000000000003,0.0,Micrometals,0.0,5000.0,Toroid,T,powder,https://datasheets.micrometals.com/OE-092090-2-DataSheet.pdf,,
OE-131090-2,OE 90,90.0,79.53153306974313,57.29040000000001,311.482073267283,81.46946678020163,30.6,0.0,Micrometals,0.0,5000.0,Toroid,T,powder,https://datasheets.micrometals.com/OE-131090-2-DataSheet.pdf,,
OE-108090-2,OE 90,90.0,151.95178512410095,85.33,169.82292299519762,63.5109066525783,40.190000000000005,0.0,Micrometals,0.0,5000.0,Toroid,T,powder,https://datasheets.micrometals.com/OE-108090-2-DataSheet.pdf,,
OE-200090-2,OE 90,90.0,113.87247929365677,128.2065,790.4641740995754,127.33378281978145,45.97,0.0,Micrometals,0.0,5000.0,Toroid,T,powder,https://datasheets.micrometals.com/OE-200090-2-DataSheet.pdf,,
OE-350090-2,OE 90,90.0,85.20287239398048,181.92059999999998,3419.598028637759,241.47936049316675,54.699999999999996,0.0,Micrometals,0.0,5000.0,Toroid,T,powder,https://datasheets.micrometals.com/OE-350090-2-DataSheet.pdf,,
OE-268090-2,OE 90,90.0,228.94144192570496,319.93995000000007,1015.875181153788,158.05070314049246,71.99,0.0,Micrometals,0.0,5000.0,Toroid,T,powder,https://datasheets.micrometals.com/OE-268090-2-DataSheet.pdf,,
OE-292090-2,OE 90,90.0,310.0824171020792,504.0000000000001,1609.189740950257,183.82550561700654,98.80000000000001,0.0,Micrometals,0.0,5000.0,Toroid,T,powder,https://datasheets.micrometals.com/OE-292090-2-DataSheet.pdf,,
OD-065090-2,OD 90,90.0,56.04605197254558,20.415249999999997,80.66833737980075,41.196664134240805,19.130000000000003,0.0,Micrometals,0.0,5000.0,Toroid,T,powder,https://datasheets.micrometals.com/OD-065090-2-DataSheet.pdf,,
OD-092090-2,OD 90,90.0,78.8492965887809,40.760650000000005,162.28613540508545,58.46495921810846,26.950000000000003,0.0,Micrometals,0.0,5000.0,Toroid,T,powder,https://datasheets.micrometals.com/OD-092090-2-DataSheet.pdf,,
OD-131090-2,OD 90,90.0,79.53153306974313,57.29040000000001,311.482073267283,81.46946678020163,30.6,0.0,Micrometals,0.0,5000.0,Toroid,T,powder,https://datasheets.micrometals.com/OD-131090-2-DataSheet.pdf,,
OD-108090-2,OD 90,90.0,151.95178512410095,85.33,169.82292299519762,63.5109066525783,40.190000000000005,0.0,Micrometals,0.0,5000.0,Toroid,T,powder,https://datasheets.micrometals.com/OD-108090-2-DataSheet.pdf,,
OD-200090-2,OD 90,90.0,113.87247929365677,128.2065,790.4641740995754,127.33378281978145,45.97,0.0,Micrometals,0.0,5000.0,Toroid,T,powder,https://datasheets.micrometals.com/OD-200090-2-DataSheet.pdf,,
OD-350090-2,OD 90,90.0,85.20287239398048,181.92059999999998,3419.598028637759,241.47936049316675,54.699999999999996,0.0,Micrometals,0.0,5000.0,Toroid,T,powder,https://datasheets.micrometals.com/OD-350090-2-DataSheet.pdf,,
OD-268090-2,OD 90,90.0,228.94144192570496,319.93995000000007,1015.875181153788,158.05070314049246,71.99,0.0,Micrometals,0.0,5000.0,Toroid,T,powder,https://datasheets.micrometals.com/OD-268090-2-DataSheet.pdf,,
OD-292090-2,OD 90,90.0,310.0824171020792,504.0000000000001,1609.189740950257,183.82550561700654,98.80000000000001,0.0,Micrometals,0.0,5000.0,Toroid,T,powder,https://datasheets.micrometals.com/OD-292090-2-DataSheet.pdf,,
OC-065090-2,OC 90,90.0,56.04605197254558,20.415249999999997,80.66833737980075,41.196664134240805,19.130000000000003,0.0,Micrometals,0.0,5000.0,Toroid,T,powder,https://datasheets.micrometals.com/OC-065090-2-DataSheet.pdf,,
OC-092090-2,OC 90,90.0,78.8492965887809,40.760650000000005,162.28613540508545,58.46495921810846,26.950000000000003,0.0,Micrometals,0.0,5000.0,Toroid,T,powder,https://datasheets.micrometals.com/OC-092090-2-DataSheet.pdf,,
OC-131090-2,OC 90,90.0,79.53153306974313,57.29040000000001,311.482073267283,81.46946678020163,30.6,0.0,Micrometals,0.0,5000.0,Toroid,T,powder,https://datasheets.micrometals.com/OC-131090-2-DataSheet.pdf,,
OC-108090-2,OC 90,90.0,151.95178512410095,85.33,169.82292299519762,63.5109066525783,40.190000000000005,0.0,Micrometals,0.0,5000.0,Toroid,T,powder,https://datasheets.micrometals.com/OC-108090-2-DataSheet.pdf,,
OC-200090-2,OC 90,90.0,113.87247929365677,128.2065,790.4641740995754,127.33378281978145,45.97,0.0,Micrometals,0.0,5000.0,Toroid,T,powder,https://datasheets.micrometals.com/OC-200090-2-DataSheet.pdf,,
OC-350090-2,OC 90,90.0,85.20287239398048,181.92059999999998,3419.598028637759,241.47936049316675,54.699999999999996,0.0,Micrometals,0.0,5000.0,Toroid,T,powder,https://datasheets.micrometals.com/OC-350090-2-DataSheet.pdf,,
OC-268090-2,OC 90,90.0,228.94144192570496,319.93995000000007,1015.875181153788,158.05070314049246,71.99,0.0,Micrometals,0.0,5000.0,Toroid,T,powder,https://datasheets.micrometals.com/OC-268090-2-DataSheet.pdf,,
OC-292090-2,OC 90,90.0,310.0824171020792,504.0000000000001,1609.189740950257,183.82550561700654,98.80000000000001,0.0,Micrometals,0.0,5000.0,Toroid,T,powder,https://datasheets.micrometals.com/OC-292090-2-DataSheet.pdf,,
OC-065125-2,OC 125,125.0,77.84173885075774,20.415249999999997,80.66833737980075,41.196664134240805,19.130000000000003,0.0,Micrometals,0.0,5000.0,Toroid,T,powder,https://datasheets.micrometals.com/OC-065125-2-DataSheet.pdf,,
OC-092125-2,OC 125,125.0,109.51291192886235,40.760650000000005,162.28613540508545,58.46495921810846,26.950000000000003,0.0,Micrometals,0.0,5000.0,Toroid,T,powder,https://datasheets.micrometals.com/OC-092125-2-DataSheet.pdf,,
OC-106125-2,OC 125,125.0,168.53382516740564,68.1421,169.82292299519762,63.5109066525783,34.55,0.0,Micrometals,0.0,5000.0,Toroid,T,powder,https://datasheets.micrometals.com/OC-106125-2-DataSheet.pdf,,
OC-133125-2,OC 125,125.0,176.53498588540143,91.56000000000002,311.482073267283,81.46946678020163,41.080000000000005,0.0,Micrometals,0.0,5000.0,Toroid,T,powder,https://datasheets.micrometals.com/OC-133125-2-DataSheet.pdf,,
OC-185125-2,OC 125,125.0,185.81492161749702,137.4648,645.7800408100164,116.20660010722324,48.519999999999996,0.0,Micrometals,0.0,5000.0,Toroid,T,powder,https://datasheets.micrometals.com/OC-185125-2-DataSheet.pdf,,
OC-184125-2,OC 125,125.0,298.01086060030246,203.82915,456.34126238268556,107.43705094129075,58.67,0.0,Micrometals,0.0,5000.0,Toroid,T,powder,https://datasheets.micrometals.com/OC-184125-2-DataSheet.pdf,,
OC-250125-2,OC 125,125.0,440.56613033911276,401.4643499999999,771.641089237736,143.13826753629482,82.10999999999999,0.0,Micrometals,0.0,5000.0,Toroid,T,powder,https://datasheets.micrometals.com/OC-250125-2-DataSheet.pdf,,
OC-521125-2,OC 125,125.0,331.8764138315683,685.165,4847.788775240934,324.29380950061693,104.75,0.0,Micrometals,0.0,5000.0,Toroid,T,powder,https://datasheets.micrometals.com/OC-521125-2-DataSheet.pdf,,
MP-065125-2,MP 125,125.0,77.84173885075774,20.415249999999997,80.66833737980075,41.196664134240805,19.130000000000003,0.0,Micrometals,0.0,5000.0,Toroid,T,powder,https://datasheets.micrometals.com/MP-065125-2-DataSheet.pdf,,
MP-068125-2H127,MP 125,125.0,184.78912013644242,48.38699999999999,72.75372929079728,41.13127537406106,33.02,0.0,Micrometals,0.0,5000.0,Toroid,T,powder,https://datasheets.micrometals.com/MP-068125-2H127-DataSheet.pdf,,
MP-106125-2,MP 125,125.0,168.53382516740564,68.1421,169.82292299519762,63.5109066525783,34.55,0.0,Micrometals,0.0,5000.0,Toroid,T,powder,https://datasheets.micrometals.com/MP-106125-2-DataSheet.pdf,,
MP-109125-2,MP 125,125.0,271.4932192544701,109.77095,169.82292299519762,63.5109066525783,48.21,0.0,Micrometals,0.0,5000.0,Toroid,T,powder,https://datasheets.micrometals.com/MP-109125-2-DataSheet.pdf,,
MP-171125-2,MP 125,125.0,201.6948210821881,137.94709999999995,545.9240847758787,107.43300041586643,49.44,0.0,Micrometals,0.0,5000.0,Toroid,T,powder,https://datasheets.micrometals.com/MP-171125-2-DataSheet.pdf,,
MP-226125-2,MP 125,125.0,294.3965053354486,234.3912,545.9240847758787,125.06290982412519,61.24,0.0,Micrometals,0.0,5000.0,Toroid,T,powder,https://datasheets.micrometals.com/MP-226125-2-DataSheet.pdf,,
MP-226125-2H305,MP 125,125.0,588.7930106708972,468.7824,545.9240847758787,125.06290982412519,91.72,0.0,Micrometals,0.0,5000.0,Toroid,T,powder,https://datasheets.micrometals.com/MP-226125-2H305-DataSheet.pdf,,
MP-601125-2,MP 125,125.0,399.16649873320756,903.224,5185.442164799633,355.43587600052325,121.92,0.0,Micrometals,0.0,5000.0,Toroid,T,powder,https://datasheets.micrometals.com/MP-601125-2-DataSheet.pdf,,
MS-065125-2,MS 125,125.0,77.84173885075774,20.415249999999997,80.66833737980075,41.196664134240805,19.130000000000003,0.0,Micrometals,0.0,5000.0,Toroid,T,powder,https://datasheets.micrometals.com/MS-065125-2-DataSheet.pdf,,
MS-092125-2,MS 125,125.0,109.51291192886235,40.760650000000005,162.28613540508545,58.46495921810846,26.950000000000003,0.0,Micrometals,0.0,5000.0,Toroid,T,powder,https://datasheets.micrometals.com/MS-092125-2-DataSheet.pdf,,
MS-106125-2,MS 125,125.0,168.53382516740564,68.1421,169.82292299519762,63.5109066525783,34.55,0.0,Micrometals,0.0,5000.0,Toroid,T,powder,https://datasheets.micrometals.com/MS-106125-2-DataSheet.pdf,,
MS-133125-2,MS 125,125.0,176.53498588540143,91.56000000000002,311.482073267283,81.46946678020163,41.080000000000005,0.0,Micrometals,0.0,5000.0,Toroid,T,powder,https://datasheets.micrometals.com/MS-133125-2-DataSheet.pdf,,
MS-185125-2,MS 125,125.0,185.81492161749702,137.4648,645.7800408100164,116.20660010722324,48.519999999999996,0.0,Micrometals,0.0,5000.0,Toroid,T,powder,https://datasheets.micrometals.com/MS-185125-2-DataSheet.pdf,,
MS-184125-2,MS 125,125.0,298.01086060030246,203.82915,456.34126238268556,107.43705094129075,58.67,0.0,Micrometals,0.0,5000.0,Toroid,T,powder,https://datasheets.micrometals.com/MS-184125-2-DataSheet.pdf,,
MS-250125-2,MS 125,125.0,440.56613033911276,401.4643499999999,771.641089237736,143.13826753629482,82.10999999999999,0.0,Micrometals,0.0,5000.0,Toroid,T,powder,https://datasheets.micrometals.com/MS-250125-2-DataSheet.pdf,,
MS-521125-2,MS 125,125.0,331.8764138315683,685.165,4847.788775240934,324.29380950061693,104.75,0.0,Micrometals,0.0,5000.0,Toroid,T,powder,https://datasheets.micrometals.com/MS-521125-2-DataSheet.pdf,,
HF-065125-2,HF 125,125.0,77.84173885075774,20.415249999999997,80.66833737980075,41.196664134240805,19.130000000000003,0.0,Micrometals,0.0,5000.0,Toroid,T,powder,https://datasheets.micrometals.com/HF-065125-2-DataSheet.pdf,,
HF-068125-2H127,HF 125,125.0,184.78912013644242,48.38699999999999,72.75372929079728,41.13127537406106,33.02,0.0,Micrometals,0.0,5000.0,Toroid,T,powder,https://datasheets.micrometals.com/HF-068125-2H127-DataSheet.pdf,,
HF-106125-2,HF 125,125.0,168.53382516740564,68.1421,169.82292299519762,63.5109066525783,34.55,0.0,Micrometals,0.0,5000.0,Toroid,T,powder,https://datasheets.micrometals.com/HF-106125-2-DataSheet.pdf,,
HF-109125-2,HF 125,125.0,271.4932192544701,109.77095,169.82292299519762,63.5109066525783,48.21,0.0,Micrometals,0.0,5000.0,Toroid,T,powder,https://datasheets.micrometals.com/HF-109125-2-DataSheet.pdf,,
HF-171125-2,HF 125,125.0,201.6948210821881,137.94709999999995,545.9240847758787,107.43300041586643,49.44,0.0,Micrometals,0.0,5000.0,Toroid,T,powder,https://datasheets.micrometals.com/HF-171125-2-DataSheet.pdf,,
HF-226125-2,HF 125,125.0,294.3965053354486,234.3912,545.9240847758787,125.06290982412519,61.24,0.0,Micrometals,0.0,5000.0,Toroid,T,powder,https://datasheets.micrometals.com/HF-226125-2-DataSheet.pdf,,
HF-226125-2H305,HF 125,125.0,588.7930106708972,468.7824,545.9240847758787,125.06290982412519,91.72,0.0,Micrometals,0.0,5000.0,Toroid,T,powder,https://datasheets.micrometals.com/HF-226125-2H305-DataSheet.pdf,,
HF-601125-2,HF 125,125.0,399.16649873320756,903.224,5185.442164799633,355.43587600052325,121.92,0.0,Micrometals,0.0,5000.0,Toroid,T,powder,https://datasheets.micrometals.com/HF-601125-2-DataSheet.pdf,,
HF-065147-2,HF 147,147.0,91.54188488849111,20.415249999999997,80.66833737980075,41.196664134240805,19.130000000000003,0.0,Micrometals,0.0,5000.0,Toroid,T,powder,https://datasheets.micrometals.com/HF-065147-2-DataSheet.pdf,,
HF-092147-2,HF 147,147.0,128.78718442834213,40.760650000000005,162.28613540508545,58.46495921810846,26.950000000000003,0.0,Micrometals,0.0,5000.0,Toroid,T,powder,https://datasheets.micrometals.com/HF-092147-2-DataSheet.pdf,,
HF-106147-2,HF 147,147.0,198.19577839686906,68.1421,169.82292299519762,63.5109066525783,34.55,0.0,Micrometals,0.0,5000.0,Toroid,T,powder,https://datasheets.micrometals.com/HF-106147-2-DataSheet.pdf,,
HF-133147-2,HF 147,147.0,207.60514340123208,91.56000000000002,311.482073267283,81.46946678020163,41.080000000000005,0.0,Micrometals,0.0,5000.0,Toroid,T,powder,https://datasheets.micrometals.com/HF-133147-2-DataSheet.pdf,,
HF-171147-2,HF 147,147.0,237.19310959265323,137.94709999999995,545.9240847758787,107.43300041586643,49.44,0.0,Micrometals,0.0,5000.0,Toroid,T,powder,https://datasheets.micrometals.com/HF-171147-2-DataSheet.pdf,,
HF-301147-2,HF 147,147.0,213.6584791780594,226.8457999999999,1901.5217294901047,196.12719125088606,60.32999999999999,0.0,Micrometals,0.0,5000.0,Toroid,T,powder,https://datasheets.micrometals.com/HF-301147-2-DataSheet.pdf,,
HF-226147-2H305,HF 147,147.0,692.4205805489751,468.7824,545.9240847758787,125.06290982412519,91.72,0.0,Micrometals,0.0,5000.0,Toroid,T,powder,https://datasheets.micrometals.com/HF-226147-2H305-DataSheet.pdf,,
HF-601147-2,HF 147,147.0,469.41980251025205,903.224,5185.442164799633,355.43587600052325,121.92,0.0,Micrometals,0.0,5000.0,Toroid,T,powder,https://datasheets.micrometals.com/HF-601147-2-DataSheet.pdf,,
MP-065147-2,MP 147,147.0,91.54188488849111,20.415249999999997,80.66833737980075,41.196664134240805,19.130000000000003,0.0,Micrometals,0.0,5000.0,Toroid,T,powder,https://datasheets.micrometals.com/MP-065147-2-DataSheet.pdf,,
MP-092147-2,MP 147,147.0,128.78718442834213,40.760650000000005,162.28613540508545,58.46495921810846,26.950000000000003,0.0,Micrometals,0.0,5000.0,Toroid,T,powder,https://datasheets.micrometals.com/MP-092147-2-DataSheet.pdf,,
MP-106147-2,MP 147,147.0,198.19577839686906,68.1421,169.82292299519762,63.5109066525783,34.55,0.0,Micrometals,0.0,5000.0,Toroid,T,powder,https://datasheets.micrometals.com/MP-106147-2-DataSheet.pdf,,
MP-133147-2,MP 147,147.0,207.60514340123208,91.56000000000002,311.482073267283,81.46946678020163,41.080000000000005,0.0,Micrometals,0.0,5000.0,Toroid,T,powder,https://datasheets.micrometals.com/MP-133147-2-DataSheet.pdf,,
MP-171147-2,MP 147,147.0,237.19310959265323,137.94709999999995,545.9240847758787,107.43300041586643,49.44,0.0,Micrometals,0.0,5000.0,Toroid,T,powder,https://datasheets.micrometals.com/MP-171147-2-DataSheet.pdf,,
MP-301147-2,MP 147,147.0,213.6584791780594,226.8457999999999,1901.5217294901047,196.12719125088606,60.32999999999999,0.0,Micrometals,0.0,5000.0,Toroid,T,powder,https://datasheets.micrometals.com/MP-301147-2-DataSheet.pdf,,
MP-226147-2H305,MP 147,147.0,692.4205805489751,468.7824,545.9240847758787,125.06290982412519,91.72,0.0,Micrometals,0.0,5000.0,Toroid,T,powder,https://datasheets.micrometals.com/MP-226147-2H305-DataSheet.pdf,,
MP-601147-2,MP 147,147.0,469.41980251025205,903.224,5185.442164799633,355.43587600052325,121.92,0.0,Micrometals,0.0,5000.0,Toroid,T,powder,https://datasheets.micrometals.com/MP-601147-2-DataSheet.pdf,,
MS-065147-2,MS 147,147.0,91.54188488849111,20.415249999999997,80.66833737980075,41.196664134240805,19.130000000000003,0.0,Micrometals,0.0,5000.0,Toroid,T,powder,https://datasheets.micrometals.com/MS-065147-2-DataSheet.pdf,,
MS-092147-2,MS 147,147.0,128.78718442834213,40.760650000000005,162.28613540508545,58.46495921810846,26.950000000000003,0.0,Micrometals,0.0,5000.0,Toroid,T,powder,https://datasheets.micrometals.com/MS-092147-2-DataSheet.pdf,,
MS-131147-2,MS 147,147.0,129.9015040139138,57.29040000000001,311.482073267283,81.46946678020163,30.6,0.0,Micrometals,0.0,5000.0,Toroid,T,powder,https://datasheets.micrometals.com/MS-131147-2-DataSheet.pdf,,
MS-108147-2,MS 147,147.0,248.18791570269826,85.33,169.82292299519762,63.5109066525783,40.190000000000005,0.0,Micrometals,0.0,5000.0,Toroid,T,powder,https://datasheets.micrometals.com/MS-108147-2-DataSheet.pdf,,
MS-200147-2,MS 147,147.0,185.99171617963944,128.2065,790.4641740995754,127.33378281978145,45.97,0.0,Micrometals,0.0,5000.0,Toroid,T,powder,https://datasheets.micrometals.com/MS-200147-2-DataSheet.pdf,,
MS-350147-2,MS 147,147.0,139.1646915768348,181.92059999999998,3419.598028637759,241.47936049316675,54.699999999999996,0.0,Micrometals,0.0,5000.0,Toroid,T,powder,https://datasheets.micrometals.com/MS-350147-2-DataSheet.pdf,,
MS-268147-2,MS 147,147.0,373.93768847865147,319.93995000000007,1015.875181153788,158.05070314049246,71.99,0.0,Micrometals,0.0,5000.0,Toroid,T,powder,https://datasheets.micrometals.com/MS-268147-2-DataSheet.pdf,,
MS-292147-2,MS 147,147.0,506.46794793339603,504.0000000000001,1609.189740950257,183.82550561700654,98.80000000000001,0.0,Micrometals,0.0,5000.0,Toroid,T,powder,https://datasheets.micrometals.com/MS-292147-2-DataSheet.pdf,,
MP-065160-2,MP 160,160.0,99.63742572896992,20.415249999999997,80.66833737980075,41.196664134240805,19.130000000000003,0.0,Micrometals,0.0,5000.0,Toroid,T,powder,https://datasheets.micrometals.com/MP-065160-2-DataSheet.pdf,,
MP-092160-2,MP 160,160.0,140.17652726894383,40.760650000000005,162.28613540508545,58.46495921810846,26.950000000000003,0.0,Micrometals,0.0,5000.0,Toroid,T,powder,https://datasheets.micrometals.com/MP-092160-2-DataSheet.pdf,,
MP-131160-2,MP 160,160.0,141.3893921239878,57.29040000000001,311.482073267283,81.46946678020163,30.6,0.0,Micrometals,0.0,5000.0,Toroid,T,powder,https://datasheets.micrometals.com/MP-131160-2-DataSheet.pdf,,
MP-108160-2,MP 160,160.0,270.13650688729064,85.33,169.82292299519762,63.5109066525783,40.190000000000005,0.0,Micrometals,0.0,5000.0,Toroid,T,powder,https://datasheets.micrometals.com/MP-108160-2-DataSheet.pdf,,
MP-185160-2,MP 160,160.0,237.8430996703962,137.4648,645.7800408100164,116.20660010722324,48.519999999999996,0.0,Micrometals,0.0,5000.0,Toroid,T,powder,https://datasheets.micrometals.com/MP-185160-2-DataSheet.pdf,,
MP-184160-2,MP 160,160.0,381.45390156838727,203.82915,456.34126238268556,107.43705094129075,58.67,0.0,Micrometals,0.0,5000.0,Toroid,T,powder,https://datasheets.micrometals.com/MP-184160-2-DataSheet.pdf,,
MP-400160-2,MP 160,160.0,303.9763850354498,366.93475,2562.926935982622,242.70506719787403,77.47,0.0,Micrometals,0.0,5000.0,Toroid,T,powder,https://datasheets.micrometals.com/MP-400160-2-DataSheet.pdf,,
MP-521160-2,MP 160,160.0,424.8018097044075,685.165,4847.788775240934,324.29380950061693,104.75,0.0,Micrometals,0.0,5000.0,Toroid,T,powder,https://datasheets.micrometals.com/MP-521160-2-DataSheet.pdf,,
MS-065160-2,MS 160,160.0,99.63742572896992,20.415249999999997,80.66833737980075,41.196664134240805,19.130000000000003,0.0,Micrometals,0.0,5000.0,Toroid,T,powder,https://datasheets.micrometals.com/MS-065160-2-DataSheet.pdf,,
MS-092160-2,MS 160,160.0,140.17652726894383,40.760650000000005,162.28613540508545,58.46495921810846,26.950000000000003,0.0,Micrometals,0.0,5000.0,Toroid,T,powder,https://datasheets.micrometals.com/MS-092160-2-DataSheet.pdf,,
MS-107160-2,MS 160,160.0,166.71281567901366,52.660799999999995,169.82292299519762,63.5109066525783,29.47,0.0,Micrometals,0.0,5000.0,Toroid,T,powder,https://datasheets.micrometals.com/MS-107160-2-DataSheet.pdf,,
MS-132160-2,MS 160,160.0,180.44901871531775,73.11720000000001,311.482073267283,81.46946678020163,35.44,0.0,Micrometals,0.0,5000.0,Toroid,T,powder,https://datasheets.micrometals.com/MS-132160-2-DataSheet.pdf,,
MS-134160-2,MS 160,160.0,290.68755161564155,117.78540000000002,311.482073267283,81.46946678020163,49.1,0.0,Micrometals,0.0,5000.0,Toroid,T,powder,https://datasheets.micrometals.com/MS-134160-2-DataSheet.pdf,,
MS-300160-2,MS 160,160.0,185.9841796851457,181.41949999999994,1901.5217294901047,196.12719125088606,53.96999999999999,0.0,Micrometals,0.0,5000.0,Toroid,T,powder,https://datasheets.micrometals.com/MS-300160-2-DataSheet.pdf,,
MS-226160-2,MS 160,160.0,376.8275268293742,234.3912,545.9240847758787,125.06290982412519,61.24,0.0,Micrometals,0.0,5000.0,Toroid,T,powder,https://datasheets.micrometals.com/MS-226160-2-DataSheet.pdf,,
MS-292160-2,MS 160,160.0,551.2576304036962,504.0000000000001,1609.189740950257,183.82550561700654,98.80000000000001,0.0,Micrometals,0.0,5000.0,Toroid,T,powder,https://datasheets.micrometals.com/MS-292160-2-DataSheet.pdf,,
HF-065160-2,HF 160,160.0,99.63742572896992,20.415249999999997,80.66833737980075,41.196664134240805,19.130000000000003,0.0,Micrometals,0.0,5000.0,Toroid,T,powder,https://datasheets.micrometals.com/HF-065160-2-DataSheet.pdf,,
HF-092160-2,HF 160,160.0,140.17652726894383,40.760650000000005,162.28613540508545,58.46495921810846,26.950000000000003,0.0,Micrometals,0.0,5000.0,Toroid,T,powder,https://datasheets.micrometals.com/HF-092160-2-DataSheet.pdf,,
HF-107160-2,HF 160,160.0,166.71281567901366,52.660799999999995,169.82292299519762,63.5109066525783,29.47,0.0,Micrometals,0.0,5000.0,Toroid,T,powder,https://datasheets.micrometals.com/HF-107160-2-DataSheet.pdf,,
HF-132160-2,HF 160,160.0,180.44901871531775,73.11720000000001,311.482073267283,81.46946678020163,35.44,0.0,Micrometals,0.0,5000.0,Toroid,T,powder,https://datasheets.micrometals.com/HF-132160-2-DataSheet.pdf,,
HF-157160-2,HF 160,160.0,232.80089817001522,114.03,456.34126238268556,98.48369159530604,44.71,0.0,Micrometals,0.0,5000.0,Toroid,T,powder,https://datasheets.micrometals.com/HF-157160-2-DataSheet.pdf,,
HF-225160-2,HF 160,160.0,210.89646418284843,150.13559,997.0941144653715,143.13445973828996,49.434,0.0,Micrometals,0.0,5000.0,Toroid,T,powder,https://datasheets.micrometals.com/HF-225160-2-DataSheet.pdf,,
HF-301160-2,HF 160,160.0,232.5534467244184,226.8457999999999,1901.5217294901047,196.12719125088606,60.32999999999999,0.0,Micrometals,0.0,5000.0,Toroid,T,powder,https://datasheets.micrometals.com/HF-301160-2-DataSheet.pdf,,
HF-306160-2,HF 160,160.0,564.2855720722553,497.28779999999995,1213.9410683175856,177.18979484378212,90.17999999999999,0.0,Micrometals,0.0,5000.0,Toroid,T,powder,https://datasheets.micrometals.com/HF-306160-2-DataSheet.pdf,,
MP-065173-2,MP 173,173.0,107.73296656944872,20.415249999999997,80.66833737980075,41.196664134240805,19.130000000000003,0.0,Micrometals,0.0,5000.0,Toroid,T,powder,https://datasheets.micrometals.com/MP-065173-2-DataSheet.pdf,,
MP-092173-2,MP 173,173.0,151.56587010954553,40.760650000000005,162.28613540508545,58.46495921810846,26.950000000000003,0.0,Micrometals,0.0,5000.0,Toroid,T,powder,https://datasheets.micrometals.com/MP-092173-2-DataSheet.pdf,,
MP-131173-2,MP 173,173.0,152.87728023406183,57.29040000000001,311.482073267283,81.46946678020163,30.6,0.0,Micrometals,0.0,5000.0,Toroid,T,powder,https://datasheets.micrometals.com/MP-131173-2-DataSheet.pdf,,
MP-108173-2,MP 173,173.0,292.08509807188295,85.33,169.82292299519762,63.5109066525783,40.190000000000005,0.0,Micrometals,0.0,5000.0,Toroid,T,powder,https://datasheets.micrometals.com/MP-108173-2-DataSheet.pdf,,
MP-134173-2,MP 173,173.0,314.30591518441247,117.78540000000002,311.482073267283,81.46946678020163,49.1,0.0,Micrometals,0.0,5000.0,Toroid,T,powder,https://datasheets.micrometals.com/MP-134173-2-DataSheet.pdf,,
MP-300173-2,MP 173,173.0,201.0953942845638,181.41949999999994,1901.5217294901047,196.12719125088606,53.96999999999999,0.0,Micrometals,0.0,5000.0,Toroid,T,powder,https://datasheets.micrometals.com/MP-300173-2-DataSheet.pdf,,
MP-401173-2,MP 173,173.0,270.5442760316834,302.03775,2562.926935982622,242.70506719787403,71.63,0.0,Micrometals,0.0,5000.0,Toroid,T,powder,https://datasheets.micrometals.com/MP-401173-2-DataSheet.pdf,,
MP-306173-2,MP 173,173.0,610.1337748031259,497.28779999999995,1213.9410683175856,177.18979484378212,90.17999999999999,0.0,Micrometals,0.0,5000.0,Toroid,T,powder,https://datasheets.micrometals.com/MP-306173-2-DataSheet.pdf,,
MP-065205-2,MP 205,205.0,127.66045171524271,20.415249999999997,80.66833737980075,41.196664134240805,19.130000000000003,0.0,Micrometals,0.0,5000.0,Toroid,T,powder,https://datasheets.micrometals.com/MP-065205-2-DataSheet.pdf,,
MP-092205-2,MP 205,205.0,179.6011755633343,40.760650000000005,162.28613540508545,58.46495921810846,26.950000000000003,0.0,Micrometals,0.0,5000.0,Toroid,T,powder,https://datasheets.micrometals.com/MP-092205-2-DataSheet.pdf,,
MP-107205-2,MP 205,205.0,213.60079508873625,52.660799999999995,169.82292299519762,63.5109066525783,29.47,0.0,Micrometals,0.0,5000.0,Toroid,T,powder,https://datasheets.micrometals.com/MP-107205-2-DataSheet.pdf,,
MP-132205-2,MP 205,205.0,231.20030522900092,73.11720000000001,311.482073267283,81.46946678020163,35.44,0.0,Micrometals,0.0,5000.0,Toroid,T,powder,https://datasheets.micrometals.com/MP-132205-2-DataSheet.pdf,,
MP-157205-2,MP 205,205.0,298.27615078033205,114.03,456.34126238268556,98.48369159530604,44.71,0.0,Micrometals,0.0,5000.0,Toroid,T,powder,https://datasheets.micrometals.com/MP-157205-2-DataSheet.pdf,,
MP-225205-2,MP 205,205.0,270.21109473427464,150.13559,997.0941144653715,143.13445973828996,49.434,0.0,Micrometals,0.0,5000.0,Toroid,T,powder,https://datasheets.micrometals.com/MP-225205-2-DataSheet.pdf,,
MP-301205-2,MP 205,205.0,297.9591036156611,226.8457999999999,1901.5217294901047,196.12719125088606,60.32999999999999,0.0,Micrometals,0.0,5000.0,Toroid,T,powder,https://datasheets.micrometals.com/MP-301205-2-DataSheet.pdf,,
MP-306205-2,MP 205,205.0,722.9908892175771,497.28779999999995,1213.9410683175856,177.18979484378212,90.17999999999999,0.0,Micrometals,0.0,5000.0,Toroid,T,powder,https://datasheets.micrometals.com/MP-306205-2-DataSheet.pdf,,
T50-70D,Mix 70,100.0,95.27266894077437,23.8,46.259547469719266,31.391964132721967,24.04,0.0,Micrometals,0.0,1000.0,Toroid,T,powder,https://datasheets.micrometals.com/T50-70D-DataSheet.pdf,,
T80-70,Mix 70,100.0,60.18205003476894,24.193499999999997,123.59574426565014,50.517469458560285,20.319999999999997,0.0,Micrometals,0.0,1000.0,Toroid,T,powder,https://datasheets.micrometals.com/T80-70-DataSheet.pdf,,
T94-70,Mix 70,100.0,82.44458284315765,38.4516,158.2472599073333,58.608708983866876,25.55,0.0,Micrometals,0.0,1000.0,Toroid,T,powder,https://datasheets.micrometals.com/T94-70-DataSheet.pdf,,
T90-70,Mix 70,100.0,93.76752276262,42.316399999999994,152.7221409074649,56.710847188708456,27.93,0.0,Micrometals,0.0,1000.0,Toroid,T,powder,https://datasheets.micrometals.com/T90-70-DataSheet.pdf,,
T130-70,Mix 70,100.0,113.425700267498,73.3155,307.42871502739786,81.22583705494216,35.41,0.0,Micrometals,0.0,1000.0,Toroid,T,powder,https://datasheets.micrometals.com/T130-70-DataSheet.pdf,,
T150-70,Mix 70,100.0,128.88516151557823,93.7395,360.8449635889728,91.3965024641213,39.089999999999996,0.0,Micrometals,0.0,1000.0,Toroid,T,powder,https://datasheets.micrometals.com/T150-70-DataSheet.pdf,,
E162-70,Mix 70,100.0,254.69758615214246,155.69666670728907,164.162,76.81823949817178,50.08,0.0,Micrometals,0.0,1000.0,TwoPieceSet,E,powder,https://datasheets.micrometals.com/E162-70-DataSheet.pdf,7.9,20.78
E168-70A,Mix 70,100.0,301.38994048546977,233.51619906349666,274.9725,97.36393647251953,63.1,0.0,Micrometals,0.0,1000.0,TwoPieceSet,E,powder,https://datasheets.micrometals.com/E168-70A-DataSheet.pdf,9.075,30.3
T68-45A,Mix 45,100.0,73.91564805457699,24.193499999999997,72.75372929079728,41.13127537406106,20.319999999999997,0.0,Micrometals,0.0,1000.0,Toroid,T,powder,https://datasheets.micrometals.com/T68-45A-DataSheet.pdf,,
T57-45A,Mix 45,100.0,99.09528570353616,25.4508,37.44268025379012,32.274409722047935,20.979999999999997,0.0,Micrometals,0.0,1000.0,Toroid,T,powder,https://datasheets.micrometals.com/T57-45A-DataSheet.pdf,,
T80-45B,Mix 45,100.0,90.22568761118117,36.27120000000001,123.59574426565014,50.517469458560285,26.660000000000004,0.0,Micrometals,0.0,1000.0,Toroid,T,powder,https://datasheets.micrometals.com/T80-45B-DataSheet.pdf,,
E100-45,Mix 45,100.0,109.37966499240709,41.444660704580066,77.43900000000001,47.61478894968959,25.4,0.0,Micrometals,0.0,1000.0,TwoPieceSet,E,powder,https://datasheets.micrometals.com/E100-45-DataSheet.pdf,6.2250000000000005,12.44
T69-45,Mix 45,100.0,134.26845649686916,41.94000000000001,56.806452060868445,39.252226272409196,27.64,0.0,Micrometals,0.0,1000.0,Toroid,T,powder,https://datasheets.micrometals.com/T69-45-DataSheet.pdf,,
E99-45,Mix 45,100.0,121.3449819521839,55.51917840528494,90.7536,57.4951317163207,29.16,0.0,Micrometals,0.0,1000.0,TwoPieceSet,E,powder,https://datasheets.micrometals.com/E99-45-DataSheet.pdf,5.18,17.52
T150-45A,Mix 45,100.0,95.79302545076762,69.67125000000001,360.8449635889728,91.3965024641213,33.39,0.0,Micrometals,0.0,1000.0,Toroid,T,powder,https://datasheets.micrometals.com/T150-45A-DataSheet.pdf,,
T157-45,Mix 45,100.0,145.50056135625954,114.03,456.34126238268556,98.48369159530604,44.71,0.0,Micrometals,0.0,1000.0,Toroid,T,powder,https://datasheets.micrometals.com/T157-45-DataSheet.pdf,,
T68-7A,Mix 7,9.0,6.652408324911927,24.193499999999997,72.75372929079728,41.13127537406106,20.319999999999997,0.0,Micrometals,0.0,1000.0,Toroid,T,powder,https://datasheets.micrometals.com/T68-7A-DataSheet.pdf,,
T80-7,Mix 7,9.0,5.416384503129203,24.193499999999997,123.59574426565014,50.517469458560285,20.319999999999997,0.0,Micrometals,0.0,1000.0,Toroid,T,powder,https://datasheets.micrometals.com/T80-7-DataSheet.pdf,,
T72-7,Mix 7,9.0,11.22484435682098,36.894000000000005,39.42035681152205,37.17301518287816,24.38,0.0,Micrometals,0.0,1000.0,Toroid,T,powder,https://datasheets.micrometals.com/T72-7-DataSheet.pdf,,
T94-7,Mix 7,9.0,7.420012455884188,38.4516,158.2472599073333,58.608708983866876,25.55,0.0,Micrometals,0.0,1000.0,Toroid,T,powder,https://datasheets.micrometals.com/T94-7-DataSheet.pdf,,
T80-7D,Mix 7,9.0,10.832769006258406,48.38699999999999,123.59574426565014,50.517469458560285,33.02,0.0,Micrometals,0.0,1000.0,Toroid,T,powder,https://datasheets.micrometals.com/T80-7D-DataSheet.pdf,,
T106-7,Mix 7,9.0,12.389620334022759,69.042,164.09752746366289,63.024257637392516,34.64,0.0,Micrometals,0.0,1000.0,Toroid,T,powder,https://datasheets.micrometals.com/T106-7-DataSheet.pdf,,
T157-7,Mix 7,9.0,13.095050522063355,114.03,456.34126238268556,98.48369159530604,44.71,0.0,Micrometals,0.0,1000.0,Toroid,T,powder,https://datasheets.micrometals.com/T157-7-DataSheet.pdf,,
T200-7,Mix 7,9.0,11.818711261013263,133.06425,790.4641740995754,127.33378281978145,46.989999999999995,0.0,Micrometals,0.0,1000.0,Toroid,T,powder,https://datasheets.micrometals.com/T200-7-DataSheet.pdf,,
T68-14A,Mix 14,14.0,10.348190727640777,24.193499999999997,72.75372929079728,41.13127537406106,20.319999999999997,0.0,Micrometals,0.0,1000.0,Toroid,T,powder,https://datasheets.micrometals.com/T68-14A-DataSheet.pdf,,
T80-14B,Mix 14,14.0,12.631596265565364,36.27120000000001,123.59574426565014,50.517469458560285,26.660000000000004,0.0,Micrometals,0.0,1000.0,Toroid,T,powder,https://datasheets.micrometals.com/T80-14B-DataSheet.pdf,,
T80-14D,Mix 14,14.0,16.850974009735303,48.38699999999999,123.59574426565014,50.517469458560285,33.02,0.0,Micrometals,0.0,1000.0,Toroid,T,powder,https://datasheets.micrometals.com/T80-14D-DataSheet.pdf,,
T130-14,Mix 14,14.0,15.87959803744972,73.3155,307.42871502739786,81.22583705494216,35.41,0.0,Micrometals,0.0,1000.0,Toroid,T,powder,https://datasheets.micrometals.com/T130-14-DataSheet.pdf,,
T184-14,Mix 14,14.0,33.37721638723389,203.82915,456.34126238268556,107.43705094129075,58.67,0.0,Micrometals,0.0,1000.0,Toroid,T,powder,https://datasheets.micrometals.com/T184-14-DataSheet.pdf,,
E220-14,Mix 14,14.0,50.24783306860681,353.0491845821802,399.7349999999999,123.61061718819273,75.30000000000001,0.0,Micrometals,0.0,1000.0,TwoPieceSet,E,powder,https://datasheets.micrometals.com/E220-14-DataSheet.pdf,10.574999999999998,37.8
T250-14,Mix 14,14.0,49.29662748142331,403.225,790.4641740995754,143.9024345030134,82.55,0.0,Micrometals,0.0,1000.0,Toroid,T,powder,https://datasheets.micrometals.com/T250-14-DataSheet.pdf,,
T650-14,Mix 14,14.0,88.05213700370122,1935.4799999999996,6203.620173298145,386.7111435798604,177.79999999999998,0.0,Micrometals,0.0,1000.0,Toroid,T,powder,https://datasheets.micrometals.com/T650-14-DataSheet.pdf,,
T68-3A,Mix 3,35.0,25.87047681910194,24.193499999999997,72.75372929079728,41.13127537406106,20.319999999999997,0.0,Micrometals,0.0,1000.0,Toroid,T,powder,https://datasheets.micrometals.com/T68-3A-DataSheet.pdf,,
T80-3,Mix 3,35.0,21.063717512169127,24.193499999999997,123.59574426565014,50.517469458560285,20.319999999999997,0.0,Micrometals,0.0,1000.0,Toroid,T,powder,https://datasheets.micrometals.com/T80-3-DataSheet.pdf,,
T94-3,Mix 3,35.0,28.855603995105177,38.4516,158.2472599073333,58.608708983866876,25.55,0.0,Micrometals,0.0,1000.0,Toroid,T,powder,https://datasheets.micrometals.com/T94-3-DataSheet.pdf,,
T106-3,Mix 3,35.0,48.18185685453295,69.042,164.09752746366289,63.024257637392516,34.64,0.0,Micrometals,0.0,1000.0,Toroid,T,powder,https://datasheets.micrometals.com/T106-3-DataSheet.pdf,,
T157-3,Mix 3,35.0,50.925196474690836,114.03,456.34126238268556,98.48369159530604,44.71,0.0,Micrometals,0.0,1000.0,Toroid,T,powder,https://datasheets.micrometals.com/T157-3-DataSheet.pdf,,
T200-3,Mix 3,35.0,45.96165490394047,133.06425,790.4641740995754,127.33378281978145,46.989999999999995,0.0,Micrometals,0.0,1000.0,Toroid,T,powder,https://datasheets.micrometals.com/T200-3-DataSheet.pdf,,
T184-3,Mix 3,35.0,83.44304096808472,203.82915,456.34126238268556,107.43705094129075,58.67,0.0,Micrometals,0.0,1000.0,Toroid,T,powder,https://datasheets.micrometals.com/T184-3-DataSheet.pdf,,
T200-3B,Mix 3,35.0,83.56664527989176,241.93499999999995,790.4641740995754,127.33378281978145,69.85,0.0,Micrometals,0.0,1000.0,Toroid,T,powder,https://datasheets.micrometals.com/T200-3B-DataSheet.pdf,,
T68-60A,Mix 60,55.0,40.65360643001733,24.193499999999997,72.75372929079728,41.13127537406106,20.319999999999997,0.0,Micrometals,0.0,1000.0,Toroid,T,powder,https://datasheets.micrometals.com/T68-60A-DataSheet.pdf,,
T72-60,Mix 60,55.0,68.59627106946155,36.894000000000005,39.42035681152205,37.17301518287816,24.38,0.0,Micrometals,0.0,1000.0,Toroid,T,powder,https://datasheets.micrometals.com/T72-60-DataSheet.pdf,,
T130-60,Mix 60,55.0,62.38413514712389,73.3155,307.42871502739786,81.22583705494216,35.41,0.0,Micrometals,0.0,1000.0,Toroid,T,powder,https://datasheets.micrometals.com/T130-60-DataSheet.pdf,,
T157-60,Mix 60,55.0,80.02530874594272,114.03,456.34126238268556,98.48369159530604,44.71,0.0,Micrometals,0.0,1000.0,Toroid,T,powder,https://datasheets.micrometals.com/T157-60-DataSheet.pdf,,
E168-60,Mix 60,55.0,126.43769314498851,178.115672244861,274.9725,97.36393647251953,53.8,0.0,Micrometals,0.0,1000.0,TwoPieceSet,E,powder,https://datasheets.micrometals.com/E168-60-DataSheet.pdf,9.075,30.3
T200-60B,Mix 60,55.0,131.31901401125845,241.93499999999995,790.4641740995754,127.33378281978145,69.85,0.0,Micrometals,0.0,1000.0,Toroid,T,powder,https://datasheets.micrometals.com/T200-60B-DataSheet.pdf,,
T250-60,Mix 60,55.0,193.6653222484487,403.225,790.4641740995754,143.9024345030134,82.55,0.0,Micrometals,0.0,1000.0,Toroid,T,powder,https://datasheets.micrometals.com/T250-60-DataSheet.pdf,,
E450-60,Mix 60,55.0,397.24520686782466,1229.205051140827,1269.8400000000001,213.86426523579507,140.4,0.0,Micrometals,0.0,1000.0,TwoPieceSet,E,powder,https://datasheets.micrometals.com/E450-60-DataSheet.pdf,22.2,57.2
T68-19A,Mix 19,55.0,40.65360643001733,24.193499999999997,72.75372929079728,41.13127537406106,20.319999999999997,0.0,Micrometals,0.0,1000.0,Toroid,T,powder,https://datasheets.micrometals.com/T68-19A-DataSheet.pdf,,
T80-19B,Mix 19,55.0,49.624128186149626,36.27120000000001,123.59574426565014,50.517469458560285,26.660000000000004,0.0,Micrometals,0.0,1000.0,Toroid,T,powder,https://datasheets.micrometals.com/T80-19B-DataSheet.pdf,,
T106-19,Mix 19,55.0,75.71434648569463,69.042,164.09752746366289,63.024257637392516,34.64,0.0,Micrometals,0.0,1000.0,Toroid,T,powder,https://datasheets.micrometals.com/T106-19-DataSheet.pdf,,
T106-19B,Mix 19,55.0,99.58823952172446,90.812,164.09752746366289,63.024257637392516,41.63999999999999,0.0,Micrometals,0.0,1000.0,Toroid,T,powder,https://datasheets.micrometals.com/T106-19B-DataSheet.pdf,,
T200-19,Mix 19,55.0,72.22545770619216,133.06425,790.4641740995754,127.33378281978145,46.989999999999995,0.0,Micrometals,0.0,1000.0,Toroid,T,powder,https://datasheets.micrometals.com/T200-19-DataSheet.pdf,,
T300-19,Mix 19,55.0,63.48388674923648,179.06999999999996,1885.3253805114136,194.95387816140578,53.599999999999994,0.0,Micrometals,0.0,1000.0,Toroid,T,powder,https://datasheets.micrometals.com/T300-19-DataSheet.pdf,,
T300-19D,Mix 19,55.0,126.96777349847297,358.13999999999993,1885.3253805114136,194.95387816140578,78.99999999999999,0.0,Micrometals,0.0,1000.0,Toroid,T,powder,https://datasheets.micrometals.com/T300-19D-DataSheet.pdf,,
T250-19,Mix 19,55.0,193.6653222484487,403.225,790.4641740995754,143.9024345030134,82.55,0.0,Micrometals,0.0,1000.0,Toroid,T,powder,https://datasheets.micrometals.com/T250-19-DataSheet.pdf,,
T68-38A,Mix 38,85.0,62.82830084639042,24.193499999999997,72.75372929079728,41.13127537406106,20.319999999999997,0.0,Micrometals,0.0,1000.0,Toroid,T,powder,https://datasheets.micrometals.com/T68-38A-DataSheet.pdf,,
T80-38B,Mix 38,85.0,76.69183446950399,36.27120000000001,123.59574426565014,50.517469458560285,26.660000000000004,0.0,Micrometals,0.0,1000.0,Toroid,T,powder,https://datasheets.micrometals.com/T80-38B-DataSheet.pdf,,
T90-38,Mix 38,85.0,79.702394348227,42.316399999999994,152.7221409074649,56.710847188708456,27.93,0.0,Micrometals,0.0,1000.0,Toroid,T,powder,https://datasheets.micrometals.com/T90-38-DataSheet.pdf,,
T150-38A,Mix 38,85.0,81.42407163315247,69.67125000000001,360.8449635889728,91.3965024641213,33.39,0.0,Micrometals,0.0,1000.0,Toroid,T,powder,https://datasheets.micrometals.com/T150-38A-DataSheet.pdf,,
T130-38,Mix 38,85.0,96.41184522737329,73.3155,307.42871502739786,81.22583705494216,35.41,0.0,Micrometals,0.0,1000.0,Toroid,T,powder,https://datasheets.micrometals.com/T130-38-DataSheet.pdf,,
T106-38B,Mix 38,85.0,153.9090974426651,90.812,164.09752746366289,63.024257637392516,41.63999999999999,0.0,Micrometals,0.0,1000.0,Toroid,T,powder,https://datasheets.micrometals.com/T106-38B-DataSheet.pdf,,
T200-38,Mix 38,85.0,111.62116190956971,133.06425,790.4641740995754,127.33378281978145,46.989999999999995,0.0,Micrometals,0.0,1000.0,Toroid,T,powder,https://datasheets.micrometals.com/T200-38-DataSheet.pdf,,
T200-38B,Mix 38,85.0,202.94756710830856,241.93499999999995,790.4641740995754,127.33378281978145,69.85,0.0,Micrometals,0.0,1000.0,Toroid,T,powder,https://datasheets.micrometals.com/T200-38B-DataSheet.pdf,,
T80-10,Mix 10,6.0,3.610923002086136,24.193499999999997,123.59574426565014,50.517469458560285,20.319999999999997,0.0,Micrometals,0.0,1000.0,Toroid,T,powder,https://datasheets.micrometals.com/T80-10-DataSheet.pdf,,
T94-10,Mix 10,6.0,4.946674970589459,38.4516,158.2472599073333,58.608708983866876,25.55,0.0,Micrometals,0.0,1000.0,Toroid,T,powder,https://datasheets.micrometals.com/T94-10-DataSheet.pdf,,
T106-10,Mix 10,6.0,8.259746889348506,69.042,164.09752746366289,63.024257637392516,34.64,0.0,Micrometals,0.0,1000.0,Toroid,T,powder,https://datasheets.micrometals.com/T106-10-DataSheet.pdf,,
T106-10B,Mix 10,6.0,10.864171584188123,90.812,164.09752746366289,63.024257637392516,41.63999999999999,0.0,Micrometals,0.0,1000.0,Toroid,T,powder,https://datasheets.micrometals.com/T106-10B-DataSheet.pdf,,
T130-10,Mix 10,6.0,6.805542016049879,73.3155,307.42871502739786,81.22583705494216,35.41,0.0,Micrometals,0.0,1000.0,Toroid,T,powder,https://datasheets.micrometals.com/T130-10-DataSheet.pdf,,
T157-10,Mix 10,6.0,8.73003368137557,114.03,456.34126238268556,98.48369159530604,44.71,0.0,Micrometals,0.0,1000.0,Toroid,T,powder,https://datasheets.micrometals.com/T157-10-DataSheet.pdf,,
T184-10,Mix 10,6.0,14.30452130881452,203.82915,456.34126238268556,107.43705094129075,58.67,0.0,Micrometals,0.0,1000.0,Toroid,T,powder,https://datasheets.micrometals.com/T184-10-DataSheet.pdf,,
T225-10,Mix 10,6.0,7.908617406856816,150.13559,997.0941144653715,143.13445973828996,49.434,0.0,Micrometals,0.0,1000.0,Toroid,T,powder,https://datasheets.micrometals.com/T225-10-DataSheet.pdf,,
T80-1,Mix 1,20.0,12.036410006953785,24.193499999999997,123.59574426565014,50.517469458560285,20.319999999999997,0.0,Micrometals,0.0,1000.0,Toroid,T,powder,https://datasheets.micrometals.com/T80-1-DataSheet.pdf,,
T94-1,Mix 1,20.0,16.48891656863153,38.4516,158.2472599073333,58.608708983866876,25.55,0.0,Micrometals,0.0,1000.0,Toroid,T,powder,https://datasheets.micrometals.com/T94-1-DataSheet.pdf,,
T106-1,Mix 1,20.0,27.53248963116169,69.042,164.09752746366289,63.024257637392516,34.64,0.0,Micrometals,0.0,1000.0,Toroid,T,powder,https://datasheets.micrometals.com/T106-1-DataSheet.pdf,,
T130-1,Mix 1,20.0,22.685140053499595,73.3155,307.42871502739786,81.22583705494216,35.41,0.0,Micrometals,0.0,1000.0,Toroid,T,powder,https://datasheets.micrometals.com/T130-1-DataSheet.pdf,,
T157-1,Mix 1,20.0,29.100112271251902,114.03,456.34126238268556,98.48369159530604,44.71,0.0,Micrometals,0.0,1000.0,Toroid,T,powder,https://datasheets.micrometals.com/T157-1-DataSheet.pdf,,
T184-1,Mix 1,20.0,47.68173769604841,203.82915,456.34126238268556,107.43705094129075,58.67,0.0,Micrometals,0.0,1000.0,Toroid,T,powder,https://datasheets.micrometals.com/T184-1-DataSheet.pdf,,
T200-1,Mix 1,20.0,26.263802802251696,133.06425,790.4641740995754,127.33378281978145,46.989999999999995,0.0,Micrometals,0.0,1000.0,Toroid,T,powder,https://datasheets.micrometals.com/T200-1-DataSheet.pdf,,
T80-15,Mix 15,25.0,15.045512508692235,24.193499999999997,123.59574426565014,50.517469458560285,20.319999999999997,0.0,Micrometals,0.0,1000.0,Toroid,T,powder,https://datasheets.micrometals.com/T80-15-DataSheet.pdf,,
T94-15,Mix 15,25.0,20.611145710789412,38.4516,158.2472599073333,58.608708983866876,25.55,0.0,Micrometals,0.0,1000.0,Toroid,T,powder,https://datasheets.micrometals.com/T94-15-DataSheet.pdf,,
T106-15,Mix 15,25.0,34.41561203895212,69.042,164.09752746366289,63.024257637392516,34.64,0.0,Micrometals,0.0,1000.0,Toroid,T,powder,https://datasheets.micrometals.com/T106-15-DataSheet.pdf,,
T130-15,Mix 15,25.0,28.3564250668745,73.3155,307.42871502739786,81.22583705494216,35.41,0.0,Micrometals,0.0,1000.0,Toroid,T,powder,https://datasheets.micrometals.com/T130-15-DataSheet.pdf,,
T157-15,Mix 15,25.0,36.375140339064885,114.03,456.34126238268556,98.48369159530604,44.71,0.0,Micrometals,0.0,1000.0,Toroid,T,powder,https://datasheets.micrometals.com/T157-15-DataSheet.pdf,,
T184-15,Mix 15,25.0,59.60217212006051,203.82915,456.34126238268556,107.43705094129075,58.67,0.0,Micrometals,0.0,1000.0,Toroid,T,powder,https://datasheets.micrometals.com/T184-15-DataSheet.pdf,,
T250-15,Mix 15,25.0,88.02969193111306,403.225,790.4641740995754,143.9024345030134,82.55,0.0,Micrometals,0.0,1000.0,Toroid,T,powder,https://datasheets.micrometals.com/T250-15-DataSheet.pdf,,
GX-090125-2,GX 125,125.0,93.81677041112978,33.87089999999999,152.7221409074649,56.710847188708456,24.13,0.0,Micrometals,0.0,5000.0,Toroid,T,powder,https://datasheets.micrometals.com/GX-090125-2-DataSheet.pdf,,
GX-135125-2,GX 125,125.0,85.21078733362287,48.539400000000015,428.01871133633017,89.4787075799532,28.700000000000003,0.0,Micrometals,0.0,5000.0,Toroid,T,powder,https://datasheets.micrometals.com/GX-135125-2-DataSheet.pdf,,
GX-106125-2,GX 125,125.0,168.53382516740564,68.1421,169.82292299519762,63.5109066525783,34.55,0.0,Micrometals,0.0,5000.0,Toroid,T,powder,https://datasheets.micrometals.com/GX-106125-2-DataSheet.pdf,,
GX-141125-2,GX 125,125.0,123.27132566162467,70.39580000000002,391.4328354164228,89.70250256358834,34.38000000000001,0.0,Micrometals,0.0,5000.0,Toroid,T,powder,https://datasheets.micrometals.com/GX-141125-2-DataSheet.pdf,,
GX-108125-2,GX 125,125.0,211.0441460056958,85.33,169.82292299519762,63.5109066525783,40.190000000000005,0.0,Micrometals,0.0,5000.0,Toroid,T,powder,https://datasheets.micrometals.com/GX-108125-2-DataSheet.pdf,,
GX-109125-2,GX 125,125.0,271.4932192544701,109.77095,169.82292299519762,63.5109066525783,48.21,0.0,Micrometals,0.0,5000.0,Toroid,T,powder,https://datasheets.micrometals.com/GX-109125-2-DataSheet.pdf,,
GX-185125-2,GX 125,125.0,185.81492161749702,137.4648,645.7800408100164,116.20660010722324,48.519999999999996,0.0,Micrometals,0.0,5000.0,Toroid,T,powder,https://datasheets.micrometals.com/GX-185125-2-DataSheet.pdf,,
GX-184125-2,GX 125,125.0,298.01086060030246,203.82915,456.34126238268556,107.43705094129075,58.67,0.0,Micrometals,0.0,5000.0,Toroid,T,powder,https://datasheets.micrometals.com/GX-184125-2-DataSheet.pdf,,
T106-30,Mix 30,22.0,30.28573859427786,69.042,164.09752746366289,63.024257637392516,34.64,0.0,Micrometals,0.0,1000.0,Toroid,T,powder,https://datasheets.micrometals.com/T106-30-DataSheet.pdf,,
T157-30,Mix 30,22.0,32.01012349837709,114.03,456.34126238268556,98.48369159530604,44.71,0.0,Micrometals,0.0,1000.0,Toroid,T,powder,https://datasheets.micrometals.com/T157-30-DataSheet.pdf,,
T300-30,Mix 30,22.0,25.393554699694597,179.06999999999996,1885.3253805114136,194.95387816140578,53.599999999999994,0.0,Micrometals,0.0,1000.0,Toroid,T,powder,https://datasheets.micrometals.com/T300-30-DataSheet.pdf,,
E220-30,Mix 30,22.0,78.9608805363821,353.0491845821802,399.7349999999999,123.61061718819273,75.30000000000001,0.0,Micrometals,0.0,1000.0,TwoPieceSet,E,powder,https://datasheets.micrometals.com/E220-30-DataSheet.pdf,10.574999999999998,37.8
T400-30,Mix 30,22.0,41.796752942374354,366.93475,2562.926935982622,242.70506719787403,77.47,0.0,Micrometals,0.0,1000.0,Toroid,T,powder,https://datasheets.micrometals.com/T400-30-DataSheet.pdf,,
E305-30,Mix 30,22.0,88.78369913692238,561.8219499543744,809.69,174.94358090830698,94.8,0.0,Micrometals,0.0,1000.0,TwoPieceSet,E,powder,https://datasheets.micrometals.com/E305-30-DataSheet.pdf,15.05,53.8
E305-30A,Mix 30,22.0,118.37826551589653,749.0959332724995,809.69,174.94358090830698,110.60000000000001,0.0,Micrometals,0.0,1000.0,TwoPieceSet,E,powder,https://datasheets.micrometals.com/E305-30A-DataSheet.pdf,15.05,53.8
T650-30,Mix 30,22.0,138.36764386295906,1935.4799999999996,6203.620173298145,386.7111435798604,177.79999999999998,0.0,Micrometals,0.0,1000.0,Toroid,T,powder,https://datasheets.micrometals.com/T650-30-DataSheet.pdf,,
T106-35,Mix 35,33.0,45.42860789141679,69.042,164.09752746366289,63.024257637392516,34.64,0.0,Micrometals,0.0,1000.0,Toroid,T,powder,https://datasheets.micrometals.com/T106-35-DataSheet.pdf,,
T131-35,Mix 35,33.0,51.89777479611597,93.01800000000001,207.00129700638672,74.32622302430602,38.96,0.0,Micrometals,0.0,1000.0,Toroid,T,powder,https://datasheets.micrometals.com/T131-35-DataSheet.pdf,,
T200-35,Mix 35,33.0,43.3352746237153,133.06425,790.4641740995754,127.33378281978145,46.989999999999995,0.0,Micrometals,0.0,1000.0,Toroid,T,powder,https://datasheets.micrometals.com/T200-35-DataSheet.pdf,,
T300-35,Mix 35,33.0,38.09033204954189,179.06999999999996,1885.3253805114136,194.95387816140578,53.599999999999994,0.0,Micrometals,0.0,1000.0,Toroid,T,powder,https://datasheets.micrometals.com/T300-35-DataSheet.pdf,,
T300-35D,Mix 35,33.0,76.18066409908378,358.13999999999993,1885.3253805114136,194.95387816140578,78.99999999999999,0.0,Micrometals,0.0,1000.0,Toroid,T,powder,https://datasheets.micrometals.com/T300-35D-DataSheet.pdf,,
T520-35,Mix 35,33.0,70.24177609911285,547.1160000000002,4803.463328208311,323.003876932683,94.49000000000002,0.0,Micrometals,0.0,1000.0,Toroid,T,powder,https://datasheets.micrometals.com/T520-35-DataSheet.pdf,,
T400-35D,Mix 35,33.0,125.39025882712303,733.8695,2562.926935982622,242.70506719787403,110.49000000000001,0.0,Micrometals,0.0,1000.0,Toroid,T,powder,https://datasheets.micrometals.com/T400-35D-DataSheet.pdf,,
T650-35,Mix 35,33.0,207.55146579443854,1935.4799999999996,6203.620173298145,386.7111435798604,177.79999999999998,0.0,Micrometals,0.0,1000.0,Toroid,T,powder,https://datasheets.micrometals.com/T650-35-DataSheet.pdf,,
T106-34,Mix 34,33.0,45.42860789141679,69.042,164.09752746366289,63.024257637392516,34.64,0.0,Micrometals,0.0,1000.0,Toroid,T,powder,https://datasheets.micrometals.com/T106-34-DataSheet.pdf,,
T131-34,Mix 34,33.0,51.89777479611597,93.01800000000001,207.00129700638672,74.32622302430602,38.96,0.0,Micrometals,0.0,1000.0,Toroid,T,powder,https://datasheets.micrometals.com/T131-34-DataSheet.pdf,,
T225-34,Mix 34,33.0,43.497395737712495,150.13559,997.0941144653715,143.13445973828996,49.434,0.0,Micrometals,0.0,1000.0,Toroid,T,powder,https://datasheets.micrometals.com/T225-34-DataSheet.pdf,,
T225-34B,Mix 34,33.0,78.92639607312417,272.542,998.9979485160992,143.19734634099407,72.25999999999999,0.0,Micrometals,0.0,1000.0,Toroid,T,powder,https://datasheets.micrometals.com/T225-34B-DataSheet.pdf,,
T300-34D,Mix 34,33.0,76.18066409908378,358.13999999999993,1885.3253805114136,194.95387816140578,78.99999999999999,0.0,Micrometals,0.0,1000.0,Toroid,T,powder,https://datasheets.micrometals.com/T300-34D-DataSheet.pdf,,
T520-34,Mix 34,33.0,70.24177609911285,547.1160000000002,4803.463328208311,323.003876932683,94.49000000000002,0.0,Micrometals,0.0,1000.0,Toroid,T,powder,https://datasheets.micrometals.com/T520-34-DataSheet.pdf,,
T520-34D,Mix 34,33.0,140.4835521982257,1094.2320000000004,4803.463328208311,323.003876932683,135.13000000000002,0.0,Micrometals,0.0,1000.0,Toroid,T,powder,https://datasheets.micrometals.com/T520-34D-DataSheet.pdf,,
E610-34,Mix 34,33.0,266.3200661193191,2246.7599999999998,3238.222,349.8457458900781,189.6,0.0,Micrometals,0.0,1000.0,TwoPieceSet,E,powder,https://datasheets.micrometals.com/E610-34-DataSheet.pdf,30.095000000000002,107.6
HF-157075-2,HF 75,75.0,109.12542101719464,114.03,456.34126238268556,98.48369159530604,44.71,0.0,Micrometals,0.0,5000.0,Toroid,T,powder,https://datasheets.micrometals.com/HF-157075-2-DataSheet.pdf,,
T225-61,Mix 61,38.0,50.087910243426506,150.13559,997.0941144653715,143.13445973828996,49.434,0.0,Micrometals,0.0,1000.0,Toroid,T,powder,https://datasheets.micrometals.com/T225-61-DataSheet.pdf,,
T250-61A,Mix 61,38.0,66.90256586764592,201.6125,790.4641740995754,143.9024345030134,57.15,0.0,Micrometals,0.0,1000.0,Toroid,T,powder,https://datasheets.micrometals.com/T250-61A-DataSheet.pdf,,
T250-61,Mix 61,38.0,133.80513173529184,403.225,790.4641740995754,143.9024345030134,82.55,0.0,Micrometals,0.0,1000.0,Toroid,T,powder,https://datasheets.micrometals.com/T250-61-DataSheet.pdf,,
T300-61,Mix 61,38.0,43.861594481290666,179.06999999999996,1885.3253805114136,194.95387816140578,53.599999999999994,0.0,Micrometals,0.0,1000.0,Toroid,T,powder,https://datasheets.micrometals.com/T300-61-DataSheet.pdf,,
T400-61D,Mix 61,38.0,144.38878289183867,733.8695,2562.926935982622,242.70506719787403,110.49000000000001,0.0,Micrometals,0.0,1000.0,Toroid,T,powder,https://datasheets.micrometals.com/T400-61D-DataSheet.pdf,,
EQHF-320220072-040,HF 40,40.0,73.70236500618086,49.71504791471944,90.24000000000001,33.905979389106264,42.411500823462205,0.0,Micrometals,0.0,5000.0,TwoPieceSet,EQ,powder,https://datasheets.micrometals.com/EQHF-320220072-040-DataSheet.pdf,7.05,12.8
EQHF-265190124-040,HF 40,40.0,101.30479461952798,121.49159789738015,96.46,60.281784349617865,37.69911184307752,0.0,Micrometals,0.0,5000.0,TwoPieceSet,EQ,powder,https://datasheets.micrometals.com/EQHF-265190124-040-DataSheet.pdf,5.299999999999999,18.2
PQHF-330220059-040,HF 40,40.0,187.73324330609685,135.47914899490107,45.9,36.27447471329384,42.411500823462205,0.0,Micrometals,0.0,5000.0,TwoPieceSet,PQ,powder,https://datasheets.micrometals.com/PQHF-330220059-040-DataSheet.pdf,6.75,6.8
EQHF-360260090-040,HF 40,40.0,150.9528869923696,166.97323883963924,105.60000000000001,55.60006552361946,45.23893421169302,0.0,Micrometals,0.0,5000.0,TwoPieceSet,EQ,powder,https://datasheets.micrometals.com/EQHF-360260090-040-DataSheet.pdf,8.8,12.0
PQHF-415280199-040,HF 40,40.0,102.17162202508605,189.02048241561778,325.975,92.99260944125601,46.80973053848791,0.0,Micrometals,0.0,5000.0,TwoPieceSet,PQ,powder,https://datasheets.micrometals.com/PQHF-415280199-040-DataSheet.pdf,11.050000000000002,29.5
EQHF-360260164-040,HF 40,40.0,189.955965164488,227.54403853118578,123.20000000000002,60.211906834194345,45.23893421169302,0.0,Micrometals,0.0,5000.0,TwoPieceSet,EQ,powder,https://datasheets.micrometals.com/EQHF-360260164-040-DataSheet.pdf,8.8,14.0
EQHF-500320190-040,HF 40,40.0,172.0716225106569,337.43951153258064,314.4,98.57267340137075,62.83185307179587,0.0,Micrometals,0.0,5000.0,TwoPieceSet,EQ,powder,https://datasheets.micrometals.com/EQHF-500320190-040-DataSheet.pdf,11.999999999999998,26.200000000000003
EQHF-500320130-040,HF 40,40.0,231.4162800337047,343.8028482618945,170.4,74.67675150429378,62.83185307179587,0.0,Micrometals,0.0,5000.0,TwoPieceSet,EQ,powder,https://datasheets.micrometals.com/EQHF-500320130-040-DataSheet.pdf,11.999999999999998,14.200000000000001
UR64/40/20-3F3,3F3,2000.0,3650.1318076567636,307.15726966386853,1229.6,211.49110721942404,75.39822368615503,0.0,Ferroxcube,0.0,500.0,TwoPieceSet,UR,ferrite,,23.2,53.0
P26/16-3F3,3F3,2000.0,6286.242619359195,96.31445670940717,57.68000000000001,38.507045681111194,35.49999698556466,0.0,Ferroxcube,0.0,500.0,TwoPieceSet,P,ferrite,,5.15,11.2
